source,Teff,logg,logL,Mass,Mass_std,R_Rsun,n_points,filename
ATLAS,10000,2.0,4.53000020980835,12.868000030517578,4.037073750774272,61.30280805356552,346,atlas-or-phoenix-100-20.txt
ATLAS,10000,2.5,3.678999900817871,6.892000198364258,2.3052016918005545,23.013369679618105,346,atlas-or-phoenix-100-25.txt
ATLAS,10000,3.0,3.062999963760376,4.609000205993652,1.3068638924851232,11.323488552184122,346,atlas-or-phoenix-100-30.txt
ATLAS,10000,3.5,2.4019999504089355,3.2079999446868896,0.6306916115866693,5.290299246890728,346,atlas-or-phoenix-100-35.txt
ATLAS,10000,4.0,1.7910000085830688,2.509000062942505,0.46723113531300847,2.618064053448791,346,atlas-or-phoenix-100-40.txt
ATLAS,10000,4.5,1.3619999885559082,2.1489999294281006,0.3385784585811,1.5976449013748018,346,atlas-or-phoenix-100-45.txt
ATLAS,10500,2.0,4.5329999923706055,12.868000030517578,4.39699844459555,55.795819612218764,346,atlas-or-phoenix-105-20.txt
ATLAS,10500,2.5,3.8499999046325684,7.708000183105469,2.8050926190004506,25.415673203179114,346,atlas-or-phoenix-105-25.txt
ATLAS,10500,3.0,3.2219998836517334,5.072999954223633,1.446127120760493,12.33393363145426,346,atlas-or-phoenix-105-30.txt
ATLAS,10500,3.5,2.5390000343322754,3.499000072479248,0.6774543213456594,5.618258047127493,346,atlas-or-phoenix-105-35.txt
ATLAS,10500,4.0,1.909000039100647,2.6470000743865967,0.5072484538263577,2.7202053153094945,346,atlas-or-phoenix-105-40.txt
ATLAS,10500,4.5,1.4789999723434448,2.2990000247955322,0.3844517158843205,1.6580653803159144,346,atlas-or-phoenix-105-45.txt
ATLAS,11000,2.0,4.735000133514404,14.98799991607666,5.662636321752232,64.14974877599519,346,atlas-or-phoenix-110-20.txt
ATLAS,11000,2.5,4.017000198364258,8.656999588012695,2.95201794939471,28.066935225356087,346,atlas-or-phoenix-110-25.txt
ATLAS,11000,3.0,3.2230000495910645,5.072999954223633,1.5149670181574681,11.251098270541817,346,atlas-or-phoenix-110-30.txt
ATLAS,11000,3.5,2.611999988555908,3.763000011444092,0.7484868357069506,5.567944368845091,346,atlas-or-phoenix-110-35.txt
ATLAS,11000,4.0,2.0739998817443848,2.9140000343322754,0.5371594011593274,2.9970558359291317,346,atlas-or-phoenix-110-40.txt
ATLAS,11000,4.5,1.5959999561309814,2.4649999141693115,0.43776115477386435,1.7286014431166417,346,atlas-or-phoenix-110-45.txt
ATLAS,12000,2.5,4.193999767303467,9.795000076293945,3.6085313732496154,28.914631046873957,346,atlas-or-phoenix-120-25.txt
ATLAS,12000,3.0,3.5420000553131104,6.198999881744385,1.8523852643602645,13.64953319495923,346,atlas-or-phoenix-120-30.txt
ATLAS,12000,3.5,2.8559999465942383,4.191999912261963,0.8759410681716473,6.1960903894929045,346,atlas-or-phoenix-120-35.txt
ATLAS,12000,4.0,2.2039999961853027,3.2070000171661377,0.5945134858758401,2.9249454402044375,346,atlas-or-phoenix-120-40.txt
ATLAS,12000,4.5,1.809000015258789,2.799999952316284,0.5314872016031376,1.856170127489344,346,atlas-or-phoenix-120-45.txt
ATLAS,13000,2.5,4.373000144958496,11.185999870300293,4.204321364436613,30.275660832824137,346,atlas-or-phoenix-130-25.txt
ATLAS,13000,3.0,3.703000068664551,6.889999866485596,2.2664175621150773,13.998889749803162,346,atlas-or-phoenix-130-30.txt
ATLAS,13000,3.5,3.009000062942505,4.60099983215332,1.0572087770048888,6.296418558854379,346,atlas-or-phoenix-130-35.txt
ATLAS,13000,4.0,2.380000114440918,3.5369999408721924,0.6493862689357334,3.0520638581196966,346,atlas-or-phoenix-130-40.txt
ATLAS,13000,4.5,1.9229999780654907,3.0,0.5548076294188448,1.8034061563324202,346,atlas-or-phoenix-130-45.txt
ATLAS,14000,2.0,5.421000003814697,26.242000579833984,9.204497909325191,87.24171493409648,346,atlas-or-phoenix-140-20.txt
ATLAS,14000,2.5,4.561999797821045,12.866000175476074,7.167294190273913,32.45070161060419,346,atlas-or-phoenix-140-25.txt
ATLAS,14000,3.0,3.867000102996826,7.705999851226807,2.7184641968311296,14.5788827650021,346,atlas-or-phoenix-140-30.txt
ATLAS,14000,3.5,3.171999931335449,5.071000099182129,1.1970538627765133,6.549741467658846,346,atlas-or-phoenix-140-35.txt
ATLAS,14000,4.0,2.5390000343322754,3.9000000953674316,0.7769386878186303,3.160270151509214,346,atlas-or-phoenix-140-40.txt
ATLAS,14000,4.5,2.1589999198913574,3.4639999866485596,0.6292979013303012,2.040441519375575,346,atlas-or-phoenix-140-45.txt
ATLAS,15000,2.5,4.760000228881836,14.987000465393066,9.488567982098141,35.505682060228224,346,atlas-or-phoenix-150-25.txt
ATLAS,15000,3.0,4.0320000648498535,8.654999732971191,3.125514437779788,15.356695671286484,346,atlas-or-phoenix-150-30.txt
ATLAS,15000,3.5,3.3340001106262207,5.5929999351501465,1.4006073797798912,6.875397322569629,346,atlas-or-phoenix-150-35.txt
ATLAS,15000,4.0,2.7699999809265137,4.548999786376953,0.8758486398313063,3.5916808228470236,346,atlas-or-phoenix-150-40.txt
ATLAS,15000,4.5,2.311000108718872,3.805999994277954,0.7363453812682805,2.117375091194718,346,atlas-or-phoenix-150-45.txt
PHOENIX,3800,2.0,2.193000078201294,1.5579999685287476,0.9589287160112251,28.801367542021783,346,atlas-or-phoenix-038-20.txt
PHOENIX,3800,2.5,1.8179999589920044,1.5499999523162842,0.7568346288825168,18.7030764791647,346,atlas-or-phoenix-038-25.txt
PHOENIX,3800,3.0,1.4390000104904175,1.5460000038146973,0.9465822589857397,12.089631834543027,346,atlas-or-phoenix-038-30.txt
PHOENIX,3800,3.5,-0.3569999933242798,0.5199999809265137,0.17230066042964,1.529019674153892,346,atlas-or-phoenix-038-35.txt
PHOENIX,3800,4.0,-0.45399999618530273,0.6980000138282776,0.24743681045483173,1.3674550900958689,346,atlas-or-phoenix-038-40.txt
PHOENIX,3800,4.5,-0.9110000133514404,0.699999988079071,0.16958940673885534,0.808003168047231,346,atlas-or-phoenix-038-45.txt
PHOENIX,4000,2.0,2.193000078201294,1.5579999685287476,0.951605259011757,25.993234206674657,346,atlas-or-phoenix-040-20.txt
PHOENIX,4000,2.5,1.7910000085830688,1.5490000247955322,0.6270590426074228,16.362900334054945,346,atlas-or-phoenix-040-25.txt
PHOENIX,4000,3.0,1.3980000019073486,1.5460000038146973,0.7124751740261531,10.407832201759984,346,atlas-or-phoenix-040-30.txt
PHOENIX,4000,3.5,-0.22599999606609344,0.6159999966621399,0.2318362173448202,1.6045759657113718,346,atlas-or-phoenix-040-35.txt
PHOENIX,4000,4.0,-0.3330000042915344,0.7160000205039978,0.30718644216139257,1.4186010556185809,346,atlas-or-phoenix-040-40.txt
PHOENIX,4000,4.5,-0.8769999742507935,0.699999988079071,0.17953608496009402,0.7583335907640978,346,atlas-or-phoenix-040-45.txt
PHOENIX,4200,2.0,2.1519999504089355,1.5570000410079956,1.043592438266924,22.489596206798243,346,atlas-or-phoenix-042-20.txt
PHOENIX,4200,2.5,1.7879999876022339,1.5490000247955322,0.5825680086219063,14.790459837692506,346,atlas-or-phoenix-042-25.txt
PHOENIX,4200,3.0,1.3980000019073486,1.5460000038146973,0.41409962516948257,9.440210613841254,346,atlas-or-phoenix-042-30.txt
PHOENIX,4200,3.5,-0.12099999934434891,0.7009999752044678,0.4894408167650827,1.6424103872342413,346,atlas-or-phoenix-042-35.txt
PHOENIX,4200,4.0,-0.24899999797344208,0.75,0.3826981664209136,1.4173649330498408,346,atlas-or-phoenix-042-40.txt
PHOENIX,4200,4.5,-0.7059999704360962,0.75,0.19274317905655444,0.8374939867638501,346,atlas-or-phoenix-042-45.txt
PHOENIX,4400,2.0,2.2639999389648438,1.9559999704360962,1.085997932347152,23.31175016139766,346,atlas-or-phoenix-044-20.txt
PHOENIX,4400,2.5,1.7450000047683716,1.5490000247955322,0.6306736467580402,12.825517951912246,346,atlas-or-phoenix-044-25.txt
PHOENIX,4400,3.0,1.3980000019073486,1.5460000038146973,0.3573855010374498,8.601514216330564,346,atlas-or-phoenix-044-30.txt
PHOENIX,4400,3.5,-0.024000000208616257,0.75,0.6017910782871426,1.6733042357196048,346,atlas-or-phoenix-044-35.txt
PHOENIX,4400,4.0,-0.11999999731779099,0.8989999890327454,0.4402096931722991,1.4982176596945724,346,atlas-or-phoenix-044-40.txt
PHOENIX,4400,4.5,-0.628000020980835,0.7990000247955322,0.20823944654723203,0.8347855060378299,346,atlas-or-phoenix-044-45.txt
PHOENIX,4600,2.0,2.630000114440918,3.8380000591278076,1.128191516153414,32.50608430272188,346,atlas-or-phoenix-046-20.txt
PHOENIX,4600,2.5,1.7450000047683716,1.5490000247955322,0.655155633647841,11.734500356759032,346,atlas-or-phoenix-046-25.txt
PHOENIX,4600,3.0,1.343000054359436,1.5449999570846558,0.38806373145077594,7.386940949068488,346,atlas-or-phoenix-046-30.txt
PHOENIX,4600,3.5,1.003999948501587,1.5420000553131104,0.5206056615222638,4.999937485619607,346,atlas-or-phoenix-046-35.txt
PHOENIX,4600,4.0,0.10300000011920929,1.0989999771118164,0.45231537414026574,1.7720036012926625,346,atlas-or-phoenix-046-40.txt
PHOENIX,4600,4.5,-0.5019999742507935,0.8500000238418579,0.22325027211708262,0.883007948597034,346,atlas-or-phoenix-046-45.txt
PHOENIX,4800,2.0,2.7880001068115234,4.611999988555908,1.2068724684004157,35.80946578480643,346,atlas-or-phoenix-048-20.txt
PHOENIX,4800,2.5,1.944000005722046,2.11299991607666,0.7040926856748578,13.551825211730678,346,atlas-or-phoenix-048-25.txt
PHOENIX,4800,3.0,1.343000054359436,1.5449999570846558,0.41664413138512063,6.784187086904914,346,atlas-or-phoenix-048-30.txt
PHOENIX,4800,3.5,0.9789999723434448,1.5410000085830688,0.508940304385239,4.461673386497606,346,atlas-or-phoenix-048-35.txt
PHOENIX,4800,4.0,0.24899999797344208,1.3240000009536743,0.45723605625845126,1.9252972376594033,346,atlas-or-phoenix-048-40.txt
PHOENIX,4800,4.5,-0.44600000977516174,0.8389999866485596,0.23333069550268282,0.8649635049558964,346,atlas-or-phoenix-048-45.txt
PHOENIX,5000,2.0,2.813999891281128,4.611999988555908,1.258795747375471,34.00479808762423,346,atlas-or-phoenix-050-20.txt
PHOENIX,5000,2.5,2.132999897003174,2.8489999771118164,0.7262456948437367,15.525307234835227,346,atlas-or-phoenix-050-25.txt
PHOENIX,5000,3.0,1.472000002861023,1.9500000476837158,0.4370939852400333,7.25337709011508,346,atlas-or-phoenix-050-30.txt
PHOENIX,5000,3.5,0.9700000286102295,1.5410000085830688,0.4777213128556277,4.069492656448934,346,atlas-or-phoenix-050-35.txt
PHOENIX,5000,4.0,0.39800000190734863,1.562999963760376,0.46251812019833954,2.106397136794027,346,atlas-or-phoenix-050-40.txt
PHOENIX,5000,4.5,-0.3610000014305115,0.8640000224113464,0.23730671846454834,0.8791039958712129,346,atlas-or-phoenix-050-45.txt
PHOENIX,5200,2.0,2.8580000400543213,4.611999988555908,1.3667866673576066,33.07300040890914,346,atlas-or-phoenix-052-20.txt
PHOENIX,5200,2.5,2.3570001125335693,3.507999897003174,0.7613261922294361,18.576916647885355,346,atlas-or-phoenix-052-25.txt
PHOENIX,5200,3.0,1.5809999704360962,2.2899999618530273,0.44500249559130506,7.602799919277037,346,atlas-or-phoenix-052-30.txt
PHOENIX,5200,3.5,0.9490000009536743,1.5399999618530273,0.43264772321732636,3.672599550189581,346,atlas-or-phoenix-052-35.txt
PHOENIX,5200,4.0,0.49399998784065247,1.7489999532699585,0.4602071982010013,2.1750716616272734,346,atlas-or-phoenix-052-40.txt
PHOENIX,5200,4.5,-0.289000004529953,0.8849999904632568,0.23988069226701977,0.8830261682050293,346,atlas-or-phoenix-052-45.txt
PHOENIX,5400,2.0,3.059999942779541,5.076000213623047,1.4667438087901752,38.69837379452895,346,atlas-or-phoenix-054-20.txt
PHOENIX,5400,2.5,2.4119999408721924,3.507999897003174,0.7858075659777295,18.352393574360118,346,atlas-or-phoenix-054-25.txt
PHOENIX,5400,3.0,1.753999948501587,2.490000009536743,0.4495040294793096,8.603847777630115,346,atlas-or-phoenix-054-30.txt
PHOENIX,5400,3.5,1.0759999752044678,1.6619999408721924,0.39457906330054043,3.941783175029666,346,atlas-or-phoenix-054-35.txt
PHOENIX,5400,4.0,0.5690000057220459,1.7990000247955322,0.4301702701017514,2.1988355339426655,346,atlas-or-phoenix-054-40.txt
PHOENIX,5400,4.5,-0.17499999701976776,0.9200000166893005,0.2423151514060877,0.9336685826651467,346,atlas-or-phoenix-054-45.txt
PHOENIX,5600,2.0,3.069999933242798,5.076000213623047,1.586558128824324,36.4002340469494,346,atlas-or-phoenix-056-20.txt
PHOENIX,5600,2.5,2.4590001106262207,3.506999969482422,0.8314828550213893,18.0137555414513,346,atlas-or-phoenix-056-25.txt
PHOENIX,5600,3.0,1.6920000314712524,2.2890000343322754,0.49177865734277565,7.449107216507409,346,atlas-or-phoenix-056-30.txt
PHOENIX,5600,3.5,1.1339999437332153,1.6610000133514404,0.3763261180905826,3.9183586192766677,346,atlas-or-phoenix-056-35.txt
PHOENIX,5600,4.0,0.6050000190734863,1.7489999532699585,0.3994337749710696,2.1311019133944984,346,atlas-or-phoenix-056-40.txt
PHOENIX,5600,4.5,-0.15299999713897705,0.9490000009536743,0.23106706266300384,0.8904390772146383,346,atlas-or-phoenix-056-45.txt
PHOENIX,5800,2.0,3.242000102996826,5.6020002365112305,1.3451089095206685,41.364171287522,346,atlas-or-phoenix-058-20.txt
PHOENIX,5800,2.5,2.4730000495910645,3.506999969482422,0.9192435400935554,17.0657076352759,346,atlas-or-phoenix-058-25.txt
PHOENIX,5800,3.0,1.8969999551773071,2.489000082015991,0.5024109366431528,8.792740457999653,346,atlas-or-phoenix-058-30.txt
PHOENIX,5800,3.5,1.194000005722046,1.659999966621399,0.3782347767776785,3.914031163796182,346,atlas-or-phoenix-058-35.txt
PHOENIX,5800,4.0,0.6589999794960022,1.6779999732971191,0.38153101859122107,2.1140938659232855,346,atlas-or-phoenix-058-40.txt
PHOENIX,5800,4.5,-0.052000001072883606,1.0,0.22973602033929547,0.9324472572243397,346,atlas-or-phoenix-058-45.txt
PHOENIX,6000,2.0,3.250999927520752,5.6020002365112305,1.3245739571880253,39.055097511681836,346,atlas-or-phoenix-060-20.txt
PHOENIX,6000,2.5,2.6429998874664307,3.8359999656677246,1.021913073425554,19.394460643434464,346,atlas-or-phoenix-060-25.txt
PHOENIX,6000,3.0,1.9179999828338623,2.48799991607666,0.553300130846179,8.417395901299377,346,atlas-or-phoenix-060-30.txt
PHOENIX,6000,3.5,1.4700000286102295,2.9159998893737793,0.38651221586176027,5.025482639074818,346,atlas-or-phoenix-060-35.txt
PHOENIX,6000,4.0,0.6809999942779541,1.5829999446868896,0.3789378995231016,2.026178766669647,346,atlas-or-phoenix-060-40.txt
PHOENIX,6000,4.5,0.06400000303983688,1.0989999771118164,0.22481342947143176,0.9958129373883682,346,atlas-or-phoenix-060-45.txt
PHOENIX,6200,2.0,3.259000062942505,5.6020002365112305,1.3571516202182026,36.914493675948094,346,atlas-or-phoenix-062-20.txt
PHOENIX,6200,2.5,2.6530001163482666,3.8359999656677246,0.9815677307224434,18.373713605459564,346,atlas-or-phoenix-062-25.txt
PHOENIX,6200,3.0,1.9320000410079956,2.48799991607666,0.5666810428578818,8.011187658159072,346,atlas-or-phoenix-062-30.txt
PHOENIX,6200,3.5,1.4789999723434448,2.755000114440918,0.4058756036125328,4.755507496873818,346,atlas-or-phoenix-062-35.txt
PHOENIX,6200,4.0,0.7279999852180481,1.5,0.3793898221511596,2.003073461617257,346,atlas-or-phoenix-062-40.txt
PHOENIX,6200,4.5,0.1340000033378601,1.1269999742507935,0.22355139203229613,1.0108736733428756,346,atlas-or-phoenix-062-45.txt
PHOENIX,6400,2.0,3.430000066757202,6.202000141143799,1.4057300245419664,42.18133774458741,346,atlas-or-phoenix-064-20.txt
PHOENIX,6400,2.5,2.6630001068115234,3.8359999656677246,0.9950684553707237,17.44296739212674,346,atlas-or-phoenix-064-25.txt
PHOENIX,6400,3.0,2.0929999351501465,2.7079999446868896,0.5961569268209793,9.049410373614506,346,atlas-or-phoenix-064-30.txt
PHOENIX,6400,3.5,1.3700000047683716,1.7940000295639038,0.4206304328509761,3.9365912054068533,346,atlas-or-phoenix-064-35.txt
PHOENIX,6400,4.0,0.8119999766349792,1.527999997138977,0.37980366507864194,2.0707148776958393,346,atlas-or-phoenix-064-40.txt
PHOENIX,6400,4.5,0.20399999618530273,1.1660000085830688,0.22833752226670673,1.0283011313218726,346,atlas-or-phoenix-064-45.txt
PHOENIX,6600,2.0,3.437000036239624,6.202000141143799,1.5215823344264423,39.98456821474248,346,atlas-or-phoenix-066-20.txt
PHOENIX,6600,2.5,2.822999954223633,4.201000213623047,1.0744029824097603,19.71933974397327,346,atlas-or-phoenix-066-25.txt
PHOENIX,6600,3.0,2.1010000705718994,2.7079999446868896,0.6179948611557103,8.58800775011132,346,atlas-or-phoenix-066-30.txt
PHOENIX,6600,3.5,1.4520000219345093,1.940000057220459,0.4320428126544602,4.068107338005672,346,atlas-or-phoenix-066-35.txt
PHOENIX,6600,4.0,0.875,1.5499999523162842,0.37081190167066924,2.0935936500434154,346,atlas-or-phoenix-066-40.txt
PHOENIX,6600,4.5,0.2630000114440918,1.2000000476837158,0.23017517558017064,1.0348857290593714,346,atlas-or-phoenix-066-45.txt
PHOENIX,6800,2.0,3.6080000400543213,6.89300012588501,1.5461069222330013,45.86299985383083,346,atlas-or-phoenix-068-20.txt
PHOENIX,6800,2.5,2.8320000171661377,4.201000213623047,1.1476514320291802,18.769921082770086,346,atlas-or-phoenix-068-25.txt
PHOENIX,6800,3.0,2.1089999675750732,2.7079999446868896,0.6661288616560261,8.165117181016203,346,atlas-or-phoenix-068-30.txt
PHOENIX,6800,3.5,1.5089999437332153,1.944000005722046,0.445498939143809,4.092252379867977,346,atlas-or-phoenix-068-35.txt
PHOENIX,6800,4.0,0.9419999718666077,1.5770000219345093,0.3610739416449891,2.130406232718883,346,atlas-or-phoenix-068-40.txt
PHOENIX,6800,4.5,0.37299999594688416,1.2649999856948853,0.23995896044047763,1.1065280715757835,346,atlas-or-phoenix-068-45.txt
PHOENIX,7000,2.0,3.614000082015991,6.89300012588501,1.730731933000536,43.57969881592275,346,atlas-or-phoenix-070-20.txt
PHOENIX,7000,2.5,2.8320000171661377,4.201000213623047,1.158872485457398,17.712676548312018,346,atlas-or-phoenix-070-25.txt
PHOENIX,7000,3.0,2.259999990463257,2.947999954223633,0.7148832656278591,9.168202111680438,346,atlas-or-phoenix-070-30.txt
PHOENIX,7000,3.5,1.6100000143051147,2.1040000915527344,0.45469810343141465,4.337946490626991,346,atlas-or-phoenix-070-35.txt
PHOENIX,7000,4.0,0.9789999723434448,1.5779999494552612,0.3538448591899189,2.097897037242956,346,atlas-or-phoenix-070-40.txt
PHOENIX,7000,4.5,0.5080000162124634,1.350000023841858,0.2549590071483913,1.219787536600572,346,atlas-or-phoenix-070-45.txt
PHOENIX,7200,2.0,3.614000082015991,6.89300012588501,1.7676823391245353,41.192230748075126,346,atlas-or-phoenix-072-20.txt
PHOENIX,7200,2.5,2.99399995803833,4.611000061035156,1.2948233137396052,20.17507926326363,346,atlas-or-phoenix-072-25.txt
PHOENIX,7200,3.0,2.2669999599456787,2.947999954223633,0.7273650680835798,8.736052807747555,346,atlas-or-phoenix-072-30.txt
PHOENIX,7200,3.5,1.656999945640564,2.1080000400543213,0.4713750661325096,4.328278959195213,346,atlas-or-phoenix-072-35.txt
PHOENIX,7200,4.0,0.9890000224113464,1.6039999723434448,0.3565637990270772,2.005927728693585,346,atlas-or-phoenix-072-40.txt
PHOENIX,7200,4.5,0.6470000147819519,1.4500000476837158,0.26131410791533677,1.3530544626554792,346,atlas-or-phoenix-072-45.txt
PHOENIX,7400,2.0,3.690999984741211,6.3420000076293945,1.79214035206975,42.61051825570491,346,atlas-or-phoenix-074-20.txt
PHOENIX,7400,2.5,3.002000093460083,4.611000061035156,1.3068215163063919,19.27599791939324,346,atlas-or-phoenix-074-25.txt
PHOENIX,7400,3.0,2.4230000972747803,3.2119998931884766,0.7891081573573767,9.897303148722411,346,atlas-or-phoenix-074-30.txt
PHOENIX,7400,3.5,1.9019999504089355,3.1989998817443848,0.47337994246961856,5.432713457176842,346,atlas-or-phoenix-074-35.txt
PHOENIX,7400,4.0,1.1030000448226929,1.6929999589920044,0.36452568750638326,2.165293870179881,346,atlas-or-phoenix-074-40.txt
PHOENIX,7400,4.5,0.7739999890327454,1.5499999523162842,0.26919005968121673,1.482575498425921,346,atlas-or-phoenix-074-45.txt
PHOENIX,7600,2.0,3.7920000553131104,7.710000038146973,1.8712366581577156,45.378810385187194,346,atlas-or-phoenix-076-20.txt
PHOENIX,7600,2.5,3.1610000133514404,5.074999809265137,1.3952439703178,21.945884317935466,346,atlas-or-phoenix-076-25.txt
PHOENIX,7600,3.0,2.4230000972747803,3.2119998931884766,0.8171269664590333,9.383246544737522,346,atlas-or-phoenix-076-30.txt
PHOENIX,7600,3.5,1.9220000505447388,3.2109999656677246,0.4795064234180517,5.270515613025914,346,atlas-or-phoenix-076-35.txt
PHOENIX,7600,4.0,1.1759999990463257,1.7690000534057617,0.3798651812106953,2.2328167345295884,346,atlas-or-phoenix-076-40.txt
PHOENIX,7600,4.5,0.7739999890327454,1.5499999523162842,0.2750383001196697,1.4055719233691728,346,atlas-or-phoenix-076-45.txt
PHOENIX,7800,2.0,3.796999931335449,7.710000038146973,1.8776635347849573,43.33023293967247,346,atlas-or-phoenix-078-20.txt
PHOENIX,7800,2.5,3.1679999828338623,5.074999809265137,1.4786565474538391,21.003469938177673,346,atlas-or-phoenix-078-25.txt
PHOENIX,7800,3.0,2.428999900817871,3.2119998931884766,0.8316144434325508,8.969970370959494,346,atlas-or-phoenix-078-30.txt
PHOENIX,7800,3.5,1.8550000190734863,2.4579999446868896,0.4813254075563058,4.632240162113625,346,atlas-or-phoenix-078-35.txt
PHOENIX,7800,4.0,1.2309999465942383,1.8209999799728394,0.3915096723005381,2.258348863584003,346,atlas-or-phoenix-078-40.txt
PHOENIX,7800,4.5,0.8500000238418579,1.6139999628067017,0.2725019575775673,1.456434875864056,346,atlas-or-phoenix-078-45.txt
PHOENIX,8000,2.0,3.864000082015991,7.053999900817871,1.9796957538018416,44.49388525835195,346,atlas-or-phoenix-080-20.txt
PHOENIX,8000,2.5,3.174999952316284,5.074999809265137,1.4968118354742206,20.127983403044293,346,atlas-or-phoenix-080-25.txt
PHOENIX,8000,3.0,2.5810000896453857,3.50600004196167,0.9026518365677413,10.157815827528704,346,atlas-or-phoenix-080-30.txt
PHOENIX,8000,3.5,1.9160000085830688,2.4830000400543213,0.48718761343067846,4.723895630758943,346,atlas-or-phoenix-080-35.txt
PHOENIX,8000,4.0,1.2309999465942383,1.8209999799728394,0.40074859854770906,2.146842888444543,346,atlas-or-phoenix-080-40.txt
PHOENIX,8000,4.5,0.8899999856948853,1.6490000486373901,0.2684403926492632,1.4497739179634248,346,atlas-or-phoenix-080-45.txt
PHOENIX,8200,2.0,3.878999948501587,7.078000068664551,2.005322182015356,43.08762268172692,346,atlas-or-phoenix-082-20.txt
PHOENIX,8200,2.5,3.3329999446868896,5.60099983215332,1.6210936960097873,22.98013263884398,346,atlas-or-phoenix-082-25.txt
PHOENIX,8200,3.0,2.5859999656677246,3.50600004196167,0.9298371999040801,9.724169975033567,346,atlas-or-phoenix-082-30.txt
PHOENIX,8200,3.5,1.9320000410079956,2.4839999675750732,0.4919820572079376,4.579863973522229,346,atlas-or-phoenix-082-35.txt
PHOENIX,8200,4.0,1.3619999885559082,1.9570000171661377,0.3974180065984773,2.376033464269485,346,atlas-or-phoenix-082-40.txt
PHOENIX,8200,4.5,0.9459999799728394,1.6990000009536743,0.26510823902196146,1.4718127089816007,346,atlas-or-phoenix-082-45.txt
PHOENIX,8400,2.0,3.9760000705718994,8.657999992370605,2.0887160915708805,45.91152585513642,346,atlas-or-phoenix-084-20.txt
PHOENIX,8400,2.5,3.3389999866485596,5.60099983215332,1.6766099139498833,22.05066466024442,346,atlas-or-phoenix-084-25.txt
PHOENIX,8400,3.0,2.5899999141693115,3.505000114440918,0.9576726697278956,9.309399084033126,346,atlas-or-phoenix-084-30.txt
PHOENIX,8400,3.5,1.9500000476837158,2.484999895095825,0.5005467809413158,4.455759227972198,346,atlas-or-phoenix-084-35.txt
PHOENIX,8400,4.0,1.3639999628067017,1.965000033378601,0.39909513426709,2.269455507036931,346,atlas-or-phoenix-084-40.txt
PHOENIX,8400,4.5,0.9990000128746033,1.7489999532699585,0.27069628744708013,1.4908079423001155,346,atlas-or-phoenix-084-45.txt
PHOENIX,8600,2.0,4.059999942779541,7.945000171661377,2.3897009713444977,48.248446262748665,346,atlas-or-phoenix-086-20.txt
PHOENIX,8600,2.5,3.3450000286102295,5.60099983215332,1.7289292637242546,21.18280046400088,346,atlas-or-phoenix-086-25.txt
PHOENIX,8600,3.0,2.744999885559082,3.8340001106262207,1.0156797381731142,10.616547416552269,346,atlas-or-phoenix-086-30.txt
PHOENIX,8600,3.5,2.069999933242798,2.7019999027252197,0.5123559246334138,4.88071364034774,346,atlas-or-phoenix-086-35.txt
PHOENIX,8600,4.0,1.375,1.9800000190734863,0.4085967680721993,2.1927209246387336,346,atlas-or-phoenix-086-40.txt
PHOENIX,8600,4.5,1.0499999523162842,1.7990000247955322,0.2680235173350519,1.5082847401380097,346,atlas-or-phoenix-086-45.txt
PHOENIX,8800,2.0,4.15500020980835,9.79699993133545,2.769911329487191,51.40614348402336,346,atlas-or-phoenix-088-20.txt
PHOENIX,8800,2.5,3.503000020980835,6.201000213623047,1.82293834185016,24.266935157172398,346,atlas-or-phoenix-088-25.txt
PHOENIX,8800,3.0,2.744999885559082,3.8340001106262207,1.034981271962651,10.139460833267123,346,atlas-or-phoenix-088-30.txt
PHOENIX,8800,3.5,2.0859999656677246,2.7039999961853027,0.5277208477573876,4.748045827096896,346,atlas-or-phoenix-088-35.txt
PHOENIX,8800,4.0,1.4980000257492065,2.122999906539917,0.40814104478430513,2.412764487643755,346,atlas-or-phoenix-088-40.txt
PHOENIX,8800,4.5,1.0989999771118164,1.8489999771118164,0.2729174618994767,1.5241050698477245,346,atlas-or-phoenix-088-45.txt
PHOENIX,9000,2.0,4.15500020980835,9.79699993133545,3.150456301063394,49.1468117457132,346,atlas-or-phoenix-090-20.txt
PHOENIX,9000,2.5,3.507999897003174,6.201000213623047,1.9403417579703448,23.334322350578333,346,atlas-or-phoenix-090-25.txt
PHOENIX,9000,3.0,2.749000072479248,3.8340001106262207,1.0561799547409376,9.738572030902105,346,atlas-or-phoenix-090-30.txt
PHOENIX,9000,3.5,2.1570000648498535,2.9059998989105225,0.5448694994241132,4.926009862655616,346,atlas-or-phoenix-090-35.txt
PHOENIX,9000,4.0,1.559000015258789,2.177000045776367,0.40955645100454857,2.474544409138036,346,atlas-or-phoenix-090-40.txt
PHOENIX,9000,4.5,1.1299999952316284,1.8819999694824219,0.2789013977018724,1.5100636110400014,346,atlas-or-phoenix-090-45.txt
PHOENIX,9200,2.0,4.23199987411499,8.9350004196167,3.3869839233049874,51.3930681674734,346,atlas-or-phoenix-092-20.txt
PHOENIX,9200,2.5,3.507999897003174,6.201000213623047,1.942131860607132,22.33081415875289,346,atlas-or-phoenix-092-25.txt
PHOENIX,9200,3.0,2.9040000438690186,4.198999881744385,1.1306928578413185,11.140498659851431,346,atlas-or-phoenix-092-30.txt
PHOENIX,9200,3.5,2.240999937057495,2.944000005722046,0.5522210888488601,5.192835645911873,346,atlas-or-phoenix-092-35.txt
PHOENIX,9200,4.0,1.5579999685287476,2.181999921798706,0.42250587793058675,2.3654000031733298,346,atlas-or-phoenix-092-40.txt
PHOENIX,9200,4.5,1.1929999589920044,1.9500000476837158,0.286834754492083,1.5538338859370786,346,atlas-or-phoenix-092-45.txt
PHOENIX,9400,2.0,4.3379998207092285,11.187999725341797,3.575695764467581,55.61916526168811,346,atlas-or-phoenix-094-20.txt
PHOENIX,9400,2.5,3.674999952316284,6.892000198364258,1.94816740443656,25.925344283378056,346,atlas-or-phoenix-094-25.txt
PHOENIX,9400,3.0,2.9040000438690186,4.198999881744385,1.15430334899811,10.671478118716898,346,atlas-or-phoenix-094-30.txt
PHOENIX,9400,3.5,2.240999937057495,2.944000005722046,0.5726954791671298,4.974214679379594,346,atlas-or-phoenix-094-35.txt
PHOENIX,9400,4.0,1.6490000486373901,2.311000108718872,0.42820123653606434,2.5160807821465996,346,atlas-or-phoenix-094-40.txt
PHOENIX,9400,4.5,1.2369999885559082,2.0,0.29123167077457385,1.5657576799328752,346,atlas-or-phoenix-094-45.txt
PHOENIX,9600,2.0,4.230999946594238,8.925999641418457,3.6273902112338394,47.14523129180232,346,atlas-or-phoenix-096-20.txt
PHOENIX,9600,2.5,3.674999952316284,6.892000198364258,2.129202124225966,24.85637392447141,346,atlas-or-phoenix-096-25.txt
PHOENIX,9600,3.0,2.9070000648498535,4.198999881744385,1.1646288289450253,10.266864488201522,346,atlas-or-phoenix-096-30.txt
PHOENIX,9600,3.5,2.312000036239624,3.1659998893737793,0.5920688787941293,5.175327236987053,346,atlas-or-phoenix-096-35.txt
PHOENIX,9600,4.0,1.7300000190734863,2.3989999294281006,0.43898689338827207,2.6481208878078184,346,atlas-or-phoenix-096-40.txt
PHOENIX,9600,4.5,1.2790000438690186,2.049999952316284,0.3059961879562576,1.5755704223112754,346,atlas-or-phoenix-096-45.txt
PHOENIX,9800,2.0,4.341000080108643,11.187999725341797,3.7562077031451158,51.34854619533006,346,atlas-or-phoenix-098-20.txt
PHOENIX,9800,2.5,3.678999900817871,6.892000198364258,2.253236890208524,23.962275801351627,346,atlas-or-phoenix-098-25.txt
PHOENIX,9800,3.0,3.062999963760376,4.609000205993652,1.260708944672237,11.790387913561144,346,atlas-or-phoenix-098-30.txt
PHOENIX,9800,3.5,2.38700008392334,3.2070000171661377,0.5913541353291926,5.414123449487648,346,atlas-or-phoenix-098-35.txt
PHOENIX,9800,4.0,1.7369999885559082,2.4059998989105225,0.46136800628904273,2.561699045034109,346,atlas-or-phoenix-098-40.txt
PHOENIX,9800,4.5,1.3220000267028809,2.0989999771118164,0.3313042952749271,1.5886496281921998,346,atlas-or-phoenix-098-45.txt
PHOENIX,10000,2.0,4.53000020980835,12.868000030517578,4.037073750774272,61.30280805356552,346,atlas-or-phoenix-100-20.txt
PHOENIX,10000,2.5,3.678999900817871,6.892000198364258,2.3052016918005545,23.013369679618105,346,atlas-or-phoenix-100-25.txt
PHOENIX,10000,3.0,3.062999963760376,4.609000205993652,1.3068638924851232,11.323488552184122,346,atlas-or-phoenix-100-30.txt
PHOENIX,10000,3.5,2.4019999504089355,3.2079999446868896,0.6306916115866693,5.290299246890728,346,atlas-or-phoenix-100-35.txt
PHOENIX,10000,4.0,1.7910000085830688,2.509000062942505,0.46723113531300847,2.618064053448791,346,atlas-or-phoenix-100-40.txt
PHOENIX,10000,4.5,1.3619999885559082,2.1489999294281006,0.3385784585811,1.5976449013748018,346,atlas-or-phoenix-100-45.txt
PoWR,15000,2.0,5.633999824523926,32.11800003051758,8.963605107628775,97.11753653398165,-1,gal-ob-vd3_15-20_line_calib.txt
PoWR,15000,2.0,5.633999824523926,32.11800003051758,8.963605107628775,97.11753653398165,-1,gal-ob-vd3_15-20_line_calib.txt
PoWR,15000,2.2,5.195000171661377,21.54800033569336,8.937246545944129,58.58653743332378,-1,gal-ob-vd3_15-22_line_calib.txt
PoWR,15000,2.2,5.195000171661377,21.54800033569336,8.937246545944129,58.58653743332378,-1,gal-ob-vd3_15-22_line_calib.txt
PoWR,15000,2.4,4.973999977111816,17.78700065612793,9.433853054894175,45.42529265219696,-1,gal-ob-vd3_15-24_line_calib.txt
PoWR,15000,2.4,4.973999977111816,17.78700065612793,9.433853054894175,45.42529265219696,-1,gal-ob-vd3_15-24_line_calib.txt
PoWR,15000,2.6,4.565000057220459,12.864999771118164,8.354065321746917,28.36597880028774,-1,gal-ob-vd3_15-26_line_calib.txt
PoWR,15000,2.6,4.565000057220459,12.864999771118164,8.354065321746917,28.36597880028774,-1,gal-ob-vd3_15-26_line_calib.txt
PoWR,15000,2.8,4.380000114440918,11.1850004196167,4.278244837865805,22.924390756543502,-1,gal-ob-vd3_15-28_line_calib.txt
PoWR,15000,2.8,4.380000114440918,11.1850004196167,4.278244837865805,22.924390756543502,-1,gal-ob-vd3_15-28_line_calib.txt
PoWR,15000,3.0,4.0320000648498535,8.654999732971191,3.125514437779788,15.356695671286484,-1,gal-ob-vd3_15-30_line_calib.txt
PoWR,15000,3.0,4.0320000648498535,8.654999732971191,3.125514437779788,15.356695671286484,-1,gal-ob-vd3_15-30_line_calib.txt
PoWR,15000,3.2,3.691999912261963,6.888999938964844,2.1299666014339156,10.382398677722122,-1,gal-ob-vd3_15-32_line_calib.txt
PoWR,15000,3.2,3.691999912261963,6.888999938964844,2.1299666014339156,10.382398677722122,-1,gal-ob-vd3_15-32_line_calib.txt
PoWR,15000,3.4,3.447000026702881,6.1529998779296875,1.498884244375587,7.830649019481814,-1,gal-ob-vd3_15-34_line_calib.txt
PoWR,15000,3.4,3.447000026702881,6.1529998779296875,1.498884244375587,7.830649019481814,-1,gal-ob-vd3_15-34_line_calib.txt
PoWR,15000,3.6,3.2130000591278076,5.070000171661377,1.2617953627686562,5.981330153004264,-1,gal-ob-vd3_15-36_line_calib.txt
PoWR,15000,3.6,3.2130000591278076,5.070000171661377,1.2617953627686562,5.981330153004264,-1,gal-ob-vd3_15-36_line_calib.txt
PoWR,16000,2.0,-9.99899959564209,0.7039999961853027,9.807807732457867,1.3023883427982528e-06,-1,gal-ob-vd3_16-20_line_calib.txt
PoWR,16000,2.0,-9.99899959564209,0.7039999961853027,9.807807732457867,1.3023883427982528e-06,-1,gal-ob-vd3_16-20_line_calib.txt
PoWR,16000,2.2,5.421000003814697,26.246999740600586,10.257879677380132,66.79443799641763,-1,gal-ob-vd3_16-22_line_calib.txt
PoWR,16000,2.2,5.421000003814697,26.246999740600586,10.257879677380132,66.79443799641763,-1,gal-ob-vd3_16-22_line_calib.txt
PoWR,16000,2.4,5.197000026702881,21.547000885009766,10.95411588054109,51.610766792205624,-1,gal-ob-vd3_16-24_line_calib.txt
PoWR,16000,2.4,5.197000026702881,21.547000885009766,10.95411588054109,51.610766792205624,-1,gal-ob-vd3_16-24_line_calib.txt
PoWR,16000,2.6,4.763000011444092,14.987000465393066,9.573103846993622,31.31412666064556,-1,gal-ob-vd3_16-26_line_calib.txt
PoWR,16000,2.6,4.763000011444092,14.987000465393066,9.573103846993622,31.31412666064556,-1,gal-ob-vd3_16-26_line_calib.txt
PoWR,16000,2.8,4.566999912261963,12.864999771118164,5.321310392606451,24.988503858253072,-1,gal-ob-vd3_16-28_line_calib.txt
PoWR,16000,2.8,4.566999912261963,12.864999771118164,5.321310392606451,24.988503858253072,-1,gal-ob-vd3_16-28_line_calib.txt
PoWR,16000,3.0,4.199999809265137,9.793000221252441,3.501386692064747,16.377220744209026,-1,gal-ob-vd3_16-30_line_calib.txt
PoWR,16000,3.0,4.199999809265137,9.793000221252441,3.501386692064747,16.377220744209026,-1,gal-ob-vd3_16-30_line_calib.txt
PoWR,16000,3.2,3.8480000495910645,7.704999923706055,2.580578595015754,10.920444674672057,-1,gal-ob-vd3_16-32_line_calib.txt
PoWR,16000,3.2,3.8480000495910645,7.704999923706055,2.580578595015754,10.920444674672057,-1,gal-ob-vd3_16-32_line_calib.txt
PoWR,16000,3.4,3.6659998893737793,6.888000011444092,1.7030219380035692,8.856053732045439,-1,gal-ob-vd3_16-34_line_calib.txt
PoWR,16000,3.4,3.6659998893737793,6.888000011444092,1.7030219380035692,8.856053732045439,-1,gal-ob-vd3_16-34_line_calib.txt
PoWR,16000,3.6,3.38700008392334,5.5960001945495605,1.4553212967002624,6.423035762895975,-1,gal-ob-vd3_16-36_line_calib.txt
PoWR,16000,3.6,3.38700008392334,5.5960001945495605,1.4553212967002624,6.423035762895975,-1,gal-ob-vd3_16-36_line_calib.txt
PoWR,17000,2.0,5.802999973297119,33.97600173950195,9.553045291164587,91.8506866623758,-1,gal-ob-vd3_17-20_line_calib.txt
PoWR,17000,2.0,5.802999973297119,33.97600173950195,9.553045291164587,91.8506866623758,-1,gal-ob-vd3_17-20_line_calib.txt
PoWR,17000,2.2,5.593999862670898,32.34000015258789,10.256834949845167,72.20750717327127,-1,gal-ob-vd3_17-22_line_calib.txt
PoWR,17000,2.2,5.593999862670898,32.34000015258789,10.256834949845167,72.20750717327127,-1,gal-ob-vd3_17-22_line_calib.txt
PoWR,17000,2.4,5.197000026702881,21.54599952697754,11.521205319073166,45.71749584361467,-1,gal-ob-vd3_17-24_line_calib.txt
PoWR,17000,2.4,5.197000026702881,21.54599952697754,11.521205319073166,45.71749584361467,-1,gal-ob-vd3_17-24_line_calib.txt
PoWR,17000,2.6,4.9770002365112305,17.785999298095703,11.901401171032477,35.488082900263485,-1,gal-ob-vd3_17-26_line_calib.txt
PoWR,17000,2.6,4.9770002365112305,17.785999298095703,11.901401171032477,35.488082900263485,-1,gal-ob-vd3_17-26_line_calib.txt
PoWR,17000,2.8,4.567999839782715,12.86400032043457,8.088098323326944,22.1606421402132,-1,gal-ob-vd3_17-28_line_calib.txt
PoWR,17000,2.8,4.567999839782715,12.86400032043457,8.088098323326944,22.1606421402132,-1,gal-ob-vd3_17-28_line_calib.txt
PoWR,17000,3.0,4.376999855041504,11.184000015258789,4.299385509795557,17.786166284130278,-1,gal-ob-vd3_17-30_line_calib.txt
PoWR,17000,3.0,4.376999855041504,11.184000015258789,4.299385509795557,17.786166284130278,-1,gal-ob-vd3_17-30_line_calib.txt
PoWR,17000,3.2,4.01800012588501,8.654000282287598,2.9466578565392636,11.76474406156719,-1,gal-ob-vd3_17-32_line_calib.txt
PoWR,17000,3.2,4.01800012588501,8.654000282287598,2.9466578565392636,11.76474406156719,-1,gal-ob-vd3_17-32_line_calib.txt
PoWR,17000,3.4,3.7820000648498535,7.645999908447266,2.0128122719414736,8.965663877630337,-1,gal-ob-vd3_17-34_line_calib.txt
PoWR,17000,3.4,3.7820000648498535,7.645999908447266,2.0128122719414736,8.965663877630337,-1,gal-ob-vd3_17-34_line_calib.txt
PoWR,17000,3.6,3.499000072479248,6.5960001945495605,1.6780263285712291,6.472654966182129,-1,gal-ob-vd3_17-36_line_calib.txt
PoWR,17000,3.6,3.499000072479248,6.5960001945495605,1.6780263285712291,6.472654966182129,-1,gal-ob-vd3_17-36_line_calib.txt
PoWR,17000,3.8,3.369999885559082,6.2829999923706055,1.3261179299168675,5.57933403611554,-1,gal-ob-vd3_17-38_line_calib.txt
PoWR,17000,3.8,3.369999885559082,6.2829999923706055,1.3261179299168675,5.57933403611554,-1,gal-ob-vd3_17-38_line_calib.txt
PoWR,18000,2.0,6.241000175476074,52.374000549316406,9.570136858038751,135.65485485002432,-1,gal-ob-vd3_18-20_line_calib.txt
PoWR,18000,2.0,6.241000175476074,52.374000549316406,9.570136858038751,135.65485485002432,-1,gal-ob-vd3_18-20_line_calib.txt
PoWR,18000,2.2,5.775000095367432,40.28099822998047,10.289614155061605,79.3296066659034,-1,gal-ob-vd3_18-22_line_calib.txt
PoWR,18000,2.2,5.775000095367432,40.28099822998047,10.289614155061605,79.3296066659034,-1,gal-ob-vd3_18-22_line_calib.txt
PoWR,18000,2.4,5.420000076293945,26.246999740600586,11.325250552755206,52.715131160668804,-1,gal-ob-vd3_18-24_line_calib.txt
PoWR,18000,2.4,5.420000076293945,26.246999740600586,11.325250552755206,52.715131160668804,-1,gal-ob-vd3_18-24_line_calib.txt
PoWR,18000,2.6,5.197999954223633,21.54599952697754,11.883268050986137,40.825849512477326,-1,gal-ob-vd3_18-26_line_calib.txt
PoWR,18000,2.6,5.197999954223633,21.54599952697754,11.883268050986137,40.825849512477326,-1,gal-ob-vd3_18-26_line_calib.txt
PoWR,18000,2.8,4.764999866485596,14.984999656677246,9.955668067793964,24.79905812523449,-1,gal-ob-vd3_18-28_line_calib.txt
PoWR,18000,2.8,4.764999866485596,14.984999656677246,9.955668067793964,24.79905812523449,-1,gal-ob-vd3_18-28_line_calib.txt
PoWR,18000,3.0,4.565999984741211,12.86400032043457,5.438312534561653,19.721286650654026,-1,gal-ob-vd3_18-30_line_calib.txt
PoWR,18000,3.0,4.565999984741211,12.86400032043457,5.438312534561653,19.721286650654026,-1,gal-ob-vd3_18-30_line_calib.txt
PoWR,18000,3.2,4.184999942779541,9.791999816894531,3.168607162412276,12.718480388938731,-1,gal-ob-vd3_18-32_line_calib.txt
PoWR,18000,3.2,4.184999942779541,9.791999816894531,3.168607162412276,12.718480388938731,-1,gal-ob-vd3_18-32_line_calib.txt
PoWR,18000,3.4,3.9549999237060547,8.586000442504883,2.4570280032388596,9.759671839360887,-1,gal-ob-vd3_18-34_line_calib.txt
PoWR,18000,3.4,3.9549999237060547,8.586000442504883,2.4570280032388596,9.759671839360887,-1,gal-ob-vd3_18-34_line_calib.txt
PoWR,18000,3.6,3.6649999618530273,7.357999801635742,1.92718457365531,6.989324980558174,-1,gal-ob-vd3_18-36_line_calib.txt
PoWR,18000,3.6,3.6649999618530273,7.357999801635742,1.92718457365531,6.989324980558174,-1,gal-ob-vd3_18-36_line_calib.txt
PoWR,18000,3.8,3.3359999656677246,6.199999809265137,1.5107492343720994,4.785587222361625,-1,gal-ob-vd3_18-38_line_calib.txt
PoWR,18000,3.8,3.3359999656677246,6.199999809265137,1.5107492343720994,4.785587222361625,-1,gal-ob-vd3_18-38_line_calib.txt
PoWR,18000,4.0,3.190999984741211,6.0,1.199460395944519,4.049815569105327,-1,gal-ob-vd3_18-40_line_calib.txt
PoWR,18000,4.0,3.190999984741211,6.0,1.199460395944519,4.049815569105327,-1,gal-ob-vd3_18-40_line_calib.txt
PoWR,19000,2.2,5.803999900817871,33.446998596191406,10.252933665614659,73.616134939118,-1,gal-ob-vd3_19-22_line_calib.txt
PoWR,19000,2.2,5.803999900817871,33.446998596191406,10.252933665614659,73.616134939118,-1,gal-ob-vd3_19-22_line_calib.txt
PoWR,19000,2.4,5.578999996185303,32.52199935913086,10.781980983873684,56.81631459436578,-1,gal-ob-vd3_19-24_line_calib.txt
PoWR,19000,2.4,5.578999996185303,32.52199935913086,10.781980983873684,56.81631459436578,-1,gal-ob-vd3_19-24_line_calib.txt
PoWR,19000,2.6,5.197000026702881,21.545000076293945,11.663680759022235,36.599324927436676,-1,gal-ob-vd3_19-26_line_calib.txt
PoWR,19000,2.6,5.197000026702881,21.545000076293945,11.663680759022235,36.599324927436676,-1,gal-ob-vd3_19-26_line_calib.txt
PoWR,19000,2.8,4.9770002365112305,17.78499984741211,11.309602631121987,28.410127307967166,-1,gal-ob-vd3_19-28_line_calib.txt
PoWR,19000,2.8,4.9770002365112305,17.78499984741211,11.309602631121987,28.410127307967166,-1,gal-ob-vd3_19-28_line_calib.txt
PoWR,19000,3.0,4.564000129699707,12.86299991607666,7.603750354633423,17.659285439690553,-1,gal-ob-vd3_19-30_line_calib.txt
PoWR,19000,3.0,4.564000129699707,12.86299991607666,7.603750354633423,17.659285439690553,-1,gal-ob-vd3_19-30_line_calib.txt
PoWR,19000,3.2,4.367000102996826,11.182999610900879,3.9808992903697615,14.075800831870946,-1,gal-ob-vd3_19-32_line_calib.txt
PoWR,19000,3.2,4.367000102996826,11.182999610900879,3.9808992903697615,14.075800831870946,-1,gal-ob-vd3_19-32_line_calib.txt
PoWR,19000,3.4,4.131999969482422,9.710000038146973,2.9007399506167797,10.739227592521933,-1,gal-ob-vd3_19-34_line_calib.txt
PoWR,19000,3.4,4.131999969482422,9.710000038146973,2.9007399506167797,10.739227592521933,-1,gal-ob-vd3_19-34_line_calib.txt
PoWR,19000,3.6,3.828000068664551,8.223999977111816,2.2283619137144317,7.567860114667027,-1,gal-ob-vd3_19-36_line_calib.txt
PoWR,19000,3.6,3.828000068664551,8.223999977111816,2.2283619137144317,7.567860114667027,-1,gal-ob-vd3_19-36_line_calib.txt
PoWR,19000,3.8,3.496000051498413,6.886000156402588,1.7078282741731197,5.163843686034409,-1,gal-ob-vd3_19-38_line_calib.txt
PoWR,19000,3.8,3.496000051498413,6.886000156402588,1.7078282741731197,5.163843686034409,-1,gal-ob-vd3_19-38_line_calib.txt
PoWR,19000,4.0,3.2860000133514404,6.2779998779296875,1.3690401988241592,4.054833895748923,-1,gal-ob-vd3_19-40_line_calib.txt
PoWR,19000,4.0,3.2860000133514404,6.2779998779296875,1.3690401988241592,4.054833895748923,-1,gal-ob-vd3_19-40_line_calib.txt
PoWR,19000,4.2,3.0889999866485596,6.0,1.2863093116655429,3.2320126721889237,-1,gal-ob-vd3_19-42_line_calib.txt
PoWR,19000,4.2,3.0889999866485596,6.0,1.2863093116655429,3.2320126721889237,-1,gal-ob-vd3_19-42_line_calib.txt
PoWR,20000,2.2,5.909999847412109,31.988000869750977,9.000125283884476,75.06201106342868,-1,gal-ob-vd3_20-22_line_calib.txt
PoWR,20000,2.2,5.909999847412109,31.988000869750977,9.000125283884476,75.06201106342868,-1,gal-ob-vd3_20-22_line_calib.txt
PoWR,20000,2.4,5.965000152587891,52.85499954223633,10.504151443702527,79.96875752799339,-1,gal-ob-vd3_20-24_line_calib.txt
PoWR,20000,2.4,5.965000152587891,52.85499954223633,10.504151443702527,79.96875752799339,-1,gal-ob-vd3_20-24_line_calib.txt
PoWR,20000,2.6,5.418000221252441,26.246000289916992,11.369776485770098,42.6010577856394,-1,gal-ob-vd3_20-26_line_calib.txt
PoWR,20000,2.6,5.418000221252441,26.246000289916992,11.369776485770098,42.6010577856394,-1,gal-ob-vd3_20-26_line_calib.txt
PoWR,20000,2.8,5.196000099182129,21.54400062561035,11.360997046033411,32.99288716417943,-1,gal-ob-vd3_20-28_line_calib.txt
PoWR,20000,2.8,5.196000099182129,21.54400062561035,11.360997046033411,32.99288716417943,-1,gal-ob-vd3_20-28_line_calib.txt
PoWR,20000,3.0,4.76200008392334,14.984000205993652,9.028431784325823,20.01798290885942,-1,gal-ob-vd3_20-30_line_calib.txt
PoWR,20000,3.0,4.76200008392334,14.984000205993652,9.028431784325823,20.01798290885942,-1,gal-ob-vd3_20-30_line_calib.txt
PoWR,20000,3.2,4.556000232696533,12.862000465393066,5.871003641725191,15.791391056741473,-1,gal-ob-vd3_20-32_line_calib.txt
PoWR,20000,3.2,4.556000232696533,12.862000465393066,5.871003641725191,15.791391056741473,-1,gal-ob-vd3_20-32_line_calib.txt
PoWR,20000,3.4,4.166999816894531,9.789999961853027,3.453164551400499,10.090674115725479,-1,gal-ob-vd3_20-34_line_calib.txt
PoWR,20000,3.4,4.166999816894531,9.789999961853027,3.453164551400499,10.090674115725479,-1,gal-ob-vd3_20-34_line_calib.txt
PoWR,20000,3.6,4.001999855041504,9.270000457763672,2.6023330134507305,8.344881994576197,-1,gal-ob-vd3_20-36_line_calib.txt
PoWR,20000,3.6,4.001999855041504,9.270000457763672,2.6023330134507305,8.344881994576197,-1,gal-ob-vd3_20-36_line_calib.txt
PoWR,20000,3.8,3.6630001068115234,7.703000068664551,1.7961235254642753,5.648333425783591,-1,gal-ob-vd3_20-38_line_calib.txt
PoWR,20000,3.8,3.6630001068115234,7.703000068664551,1.7961235254642753,5.648333425783591,-1,gal-ob-vd3_20-38_line_calib.txt
PoWR,20000,4.0,3.4079999923706055,6.855000019073486,1.5557253272398306,4.211339641235239,-1,gal-ob-vd3_20-40_line_calib.txt
PoWR,20000,4.0,3.4079999923706055,6.855000019073486,1.5557253272398306,4.211339641235239,-1,gal-ob-vd3_20-40_line_calib.txt
PoWR,20000,4.2,3.1760001182556152,6.449999809265137,1.4776996978436503,3.2241878071635974,-1,gal-ob-vd3_20-42_line_calib.txt
PoWR,20000,4.2,3.1760001182556152,6.449999809265137,1.4776996978436503,3.2241878071635974,-1,gal-ob-vd3_20-42_line_calib.txt
PoWR,21000,2.4,5.828999996185303,32.643001556396484,10.294898084572964,62.02141525653412,-1,gal-ob-vd3_21-24_line_calib.txt
PoWR,21000,2.4,5.828999996185303,32.643001556396484,10.294898084572964,62.02141525653412,-1,gal-ob-vd3_21-24_line_calib.txt
PoWR,21000,2.6,5.561999797821045,32.54399871826172,11.329510472729453,45.6080572266683,-1,gal-ob-vd3_21-26_line_calib.txt
PoWR,21000,2.6,5.561999797821045,32.54399871826172,11.329510472729453,45.6080572266683,-1,gal-ob-vd3_21-26_line_calib.txt
PoWR,21000,2.8,5.195000171661377,21.54400062561035,11.66820519541846,29.89109052720601,-1,gal-ob-vd3_21-28_line_calib.txt
PoWR,21000,2.8,5.195000171661377,21.54400062561035,11.66820519541846,29.89109052720601,-1,gal-ob-vd3_21-28_line_calib.txt
PoWR,21000,3.0,4.974999904632568,17.783000946044922,9.68488115322693,23.202865701412748,-1,gal-ob-vd3_21-30_line_calib.txt
PoWR,21000,3.0,4.974999904632568,17.783000946044922,9.68488115322693,23.202865701412748,-1,gal-ob-vd3_21-30_line_calib.txt
PoWR,21000,3.2,4.552999973297119,12.862000465393066,6.747122408179298,14.273867488493948,-1,gal-ob-vd3_21-32_line_calib.txt
PoWR,21000,3.2,4.552999973297119,12.862000465393066,6.747122408179298,14.273867488493948,-1,gal-ob-vd3_21-32_line_calib.txt
PoWR,21000,3.4,4.343999862670898,11.152999877929688,4.5075659108496104,11.221259486652716,-1,gal-ob-vd3_21-34_line_calib.txt
PoWR,21000,3.4,4.343999862670898,11.152999877929688,4.5075659108496104,11.221259486652716,-1,gal-ob-vd3_21-34_line_calib.txt
PoWR,21000,3.6,4.001999855041504,9.270000457763672,2.9985876579920943,7.569053963334418,-1,gal-ob-vd3_21-36_line_calib.txt
PoWR,21000,3.6,4.001999855041504,9.270000457763672,2.9985876579920943,7.569053963334418,-1,gal-ob-vd3_21-36_line_calib.txt
PoWR,21000,3.8,3.8550000190734863,8.729999542236328,2.1857038353660663,6.390600713446551,-1,gal-ob-vd3_21-38_line_calib.txt
PoWR,21000,3.8,3.8550000190734863,8.729999542236328,2.1857038353660663,6.390600713446551,-1,gal-ob-vd3_21-38_line_calib.txt
PoWR,21000,4.0,3.5739998817443848,7.665999889373779,1.7951413559317961,4.624253297141696,-1,gal-ob-vd3_21-40_line_calib.txt
PoWR,21000,4.0,3.5739998817443848,7.665999889373779,1.7951413559317961,4.624253297141696,-1,gal-ob-vd3_21-40_line_calib.txt
PoWR,21000,4.2,3.309999942779541,6.995999813079834,1.707943072014188,3.4122563089262234,-1,gal-ob-vd3_21-42_line_calib.txt
PoWR,21000,4.2,3.309999942779541,6.995999813079834,1.707943072014188,3.4122563089262234,-1,gal-ob-vd3_21-42_line_calib.txt
PoWR,22000,2.4,5.8429999351501465,32.35900115966797,10.176116499412027,57.429478078807364,-1,gal-ob-vd3_22-24_line_calib.txt
PoWR,22000,2.4,5.8429999351501465,32.35900115966797,10.176116499412027,57.429478078807364,-1,gal-ob-vd3_22-24_line_calib.txt
PoWR,22000,2.6,5.750999927520752,41.11000061035156,13.586570658949855,51.65767618667567,-1,gal-ob-vd3_22-26_line_calib.txt
PoWR,22000,2.6,5.750999927520752,41.11000061035156,13.586570658949855,51.65767618667567,-1,gal-ob-vd3_22-26_line_calib.txt
PoWR,22000,2.8,5.415999889373779,26.2450008392334,16.86342367365704,35.12649738154292,-1,gal-ob-vd3_22-28_line_calib.txt
PoWR,22000,2.8,5.415999889373779,26.2450008392334,16.86342367365704,35.12649738154292,-1,gal-ob-vd3_22-28_line_calib.txt
PoWR,22000,3.0,4.9730000495910645,17.783000946044922,12.465605192295364,21.092833604274293,-1,gal-ob-vd3_22-30_line_calib.txt
PoWR,22000,3.0,4.9730000495910645,17.783000946044922,12.465605192295364,21.092833604274293,-1,gal-ob-vd3_22-30_line_calib.txt
PoWR,22000,3.2,4.755000114440918,14.982999801635742,8.048555125819012,16.410996734389943,-1,gal-ob-vd3_22-32_line_calib.txt
PoWR,22000,3.2,4.755000114440918,14.982999801635742,8.048555125819012,16.410996734389943,-1,gal-ob-vd3_22-32_line_calib.txt
PoWR,22000,3.4,4.446000099182129,12.493000030517578,5.22187962740515,11.498334838965468,-1,gal-ob-vd3_22-34_line_calib.txt
PoWR,22000,3.4,4.446000099182129,12.493000030517578,5.22187962740515,11.498334838965468,-1,gal-ob-vd3_22-34_line_calib.txt
PoWR,22000,3.6,4.178999900817871,10.527000427246094,3.5408258907120183,8.455413524148536,-1,gal-ob-vd3_22-36_line_calib.txt
PoWR,22000,3.6,4.178999900817871,10.527000427246094,3.5408258907120183,8.455413524148536,-1,gal-ob-vd3_22-36_line_calib.txt
PoWR,22000,3.8,4.005000114440918,9.765999794006348,2.5576989120577576,6.92045994067012,-1,gal-ob-vd3_22-38_line_calib.txt
PoWR,22000,3.8,4.005000114440918,9.765999794006348,2.5576989120577576,6.92045994067012,-1,gal-ob-vd3_22-38_line_calib.txt
PoWR,22000,4.0,3.6689999103546143,8.288000106811523,2.063804953722984,4.700400426664347,-1,gal-ob-vd3_22-40_line_calib.txt
PoWR,22000,4.0,3.6689999103546143,8.288000106811523,2.063804953722984,4.700400426664347,-1,gal-ob-vd3_22-40_line_calib.txt
PoWR,22000,4.2,3.4739999771118164,7.830999851226807,2.000001860861261,3.7552157208964254,-1,gal-ob-vd3_22-42_line_calib.txt
PoWR,22000,4.2,3.4739999771118164,7.830999851226807,2.000001860861261,3.7552157208964254,-1,gal-ob-vd3_22-42_line_calib.txt
PoWR,23000,2.4,5.906000137329102,32.03799819946289,12.479648232423747,56.496905398012416,-1,gal-ob-vd3_23-24_line_calib.txt
PoWR,23000,2.4,5.906000137329102,32.03799819946289,12.479648232423747,56.496905398012416,-1,gal-ob-vd3_23-24_line_calib.txt
PoWR,23000,2.6,5.940000057220459,52.95800018310547,17.95715497375115,58.752265811697136,-1,gal-ob-vd3_23-26_line_calib.txt
PoWR,23000,2.6,5.940000057220459,52.95800018310547,17.95715497375115,58.752265811697136,-1,gal-ob-vd3_23-26_line_calib.txt
PoWR,23000,2.8,5.539000034332275,32.430999755859375,19.452652996916363,37.02751858680619,-1,gal-ob-vd3_23-28_line_calib.txt
PoWR,23000,2.8,5.539000034332275,32.430999755859375,19.452652996916363,37.02751858680619,-1,gal-ob-vd3_23-28_line_calib.txt
PoWR,23000,3.0,5.191999912261963,21.542999267578125,18.26332608026776,24.832734631267996,-1,gal-ob-vd3_23-30_line_calib.txt
PoWR,23000,3.0,5.191999912261963,21.542999267578125,18.26332608026776,24.832734631267996,-1,gal-ob-vd3_23-30_line_calib.txt
PoWR,23000,3.2,4.752999782562256,14.982000350952148,10.12218902436862,14.980437007356462,-1,gal-ob-vd3_23-32_line_calib.txt
PoWR,23000,3.2,4.752999782562256,14.982000350952148,10.12218902436862,14.980437007356462,-1,gal-ob-vd3_23-32_line_calib.txt
PoWR,23000,3.4,4.548999786376953,12.859999656677246,5.872446259806525,11.844711431834403,-1,gal-ob-vd3_23-34_line_calib.txt
PoWR,23000,3.4,4.548999786376953,12.859999656677246,5.872446259806525,11.844711431834403,-1,gal-ob-vd3_23-34_line_calib.txt
PoWR,23000,3.6,4.35099983215332,12.00100040435791,4.237586311128174,9.430278256444288,-1,gal-ob-vd3_23-36_line_calib.txt
PoWR,23000,3.6,4.35099983215332,12.00100040435791,4.237586311128174,9.430278256444288,-1,gal-ob-vd3_23-36_line_calib.txt
PoWR,23000,3.8,4.005000114440918,9.765999794006348,2.5138263963118486,6.331762970291754,-1,gal-ob-vd3_23-38_line_calib.txt
PoWR,23000,3.8,4.005000114440918,9.765999794006348,2.5138263963118486,6.331762970291754,-1,gal-ob-vd3_23-38_line_calib.txt
PoWR,23000,4.0,3.7709999084472656,8.994999885559082,2.353650202237239,4.836425982839133,-1,gal-ob-vd3_23-40_line_calib.txt
PoWR,23000,4.0,3.7709999084472656,8.994999885559082,2.353650202237239,4.836425982839133,-1,gal-ob-vd3_23-40_line_calib.txt
PoWR,23000,4.2,3.569999933242798,8.41100025177002,2.2032857541576525,3.837289436174647,-1,gal-ob-vd3_23-42_line_calib.txt
PoWR,23000,4.2,3.569999933242798,8.41100025177002,2.2032857541576525,3.837289436174647,-1,gal-ob-vd3_23-42_line_calib.txt
PoWR,24000,2.6,5.861999988555908,32.097999572753906,18.66067757928413,49.32394153938325,-1,gal-ob-vd3_24-26_line_calib.txt
PoWR,24000,2.6,5.861999988555908,32.097999572753906,18.66067757928413,49.32394153938325,-1,gal-ob-vd3_24-26_line_calib.txt
PoWR,24000,2.8,5.724999904632568,40.89400100708008,19.81774943611881,42.12672836556429,-1,gal-ob-vd3_24-28_line_calib.txt
PoWR,24000,2.8,5.724999904632568,40.89400100708008,19.81774943611881,42.12672836556429,-1,gal-ob-vd3_24-28_line_calib.txt
PoWR,24000,3.0,5.321000099182129,25.950000762939453,19.936920730921944,26.4580498056156,-1,gal-ob-vd3_24-30_line_calib.txt
PoWR,24000,3.0,5.321000099182129,25.950000762939453,19.936920730921944,26.4580498056156,-1,gal-ob-vd3_24-30_line_calib.txt
PoWR,24000,3.2,4.9670000076293945,17.7810001373291,12.786167243916367,17.601828445821877,-1,gal-ob-vd3_24-32_line_calib.txt
PoWR,24000,3.2,4.9670000076293945,17.7810001373291,12.786167243916367,17.601828445821877,-1,gal-ob-vd3_24-32_line_calib.txt
PoWR,24000,3.4,4.630000114440918,14.442999839782715,7.14507010707926,11.94147124731936,-1,gal-ob-vd3_24-34_line_calib.txt
PoWR,24000,3.4,4.630000114440918,14.442999839782715,7.14507010707926,11.94147124731936,-1,gal-ob-vd3_24-34_line_calib.txt
PoWR,24000,3.6,4.314000129699707,11.8100004196167,4.3862777881448585,8.299613050476417,-1,gal-ob-vd3_24-36_line_calib.txt
PoWR,24000,3.6,4.314000129699707,11.8100004196167,4.3862777881448585,8.299613050476417,-1,gal-ob-vd3_24-36_line_calib.txt
PoWR,24000,3.8,4.159999847412109,11.00100040435791,2.953719408085166,6.951166700997409,-1,gal-ob-vd3_24-38_line_calib.txt
PoWR,24000,3.8,4.159999847412109,11.00100040435791,2.953719408085166,6.951166700997409,-1,gal-ob-vd3_24-38_line_calib.txt
PoWR,24000,4.0,3.868000030517578,9.484999656677246,2.600153476154124,4.966584116796458,-1,gal-ob-vd3_24-40_line_calib.txt
PoWR,24000,4.0,3.868000030517578,9.484999656677246,2.600153476154124,4.966584116796458,-1,gal-ob-vd3_24-40_line_calib.txt
PoWR,24000,4.2,3.6600000858306885,8.994999885559082,2.5121945412065534,3.9089293672179597,-1,gal-ob-vd3_24-42_line_calib.txt
PoWR,24000,4.2,3.6600000858306885,8.994999885559082,2.5121945412065534,3.9089293672179597,-1,gal-ob-vd3_24-42_line_calib.txt
PoWR,25000,2.6,5.90500020980835,32.053001403808594,19.193552877772674,47.76396275770039,-1,gal-ob-vd3_25-26_line_calib.txt
PoWR,25000,2.6,5.90500020980835,32.053001403808594,19.193552877772674,47.76396275770039,-1,gal-ob-vd3_25-26_line_calib.txt
PoWR,25000,2.8,5.9120001792907715,52.5629997253418,20.147876961625485,48.15044839427679,-1,gal-ob-vd3_25-28_line_calib.txt
PoWR,25000,2.8,5.9120001792907715,52.5629997253418,20.147876961625485,48.15044839427679,-1,gal-ob-vd3_25-28_line_calib.txt
PoWR,25000,3.0,5.507999897003174,32.005001068115234,20.491667102989684,30.24128176634952,-1,gal-ob-vd3_25-30_line_calib.txt
PoWR,25000,3.0,5.507999897003174,32.005001068115234,20.491667102989684,30.24128176634952,-1,gal-ob-vd3_25-30_line_calib.txt
PoWR,25000,3.2,5.076000213623047,20.83799934387207,17.14198367684346,18.390788629496697,-1,gal-ob-vd3_25-32_line_calib.txt
PoWR,25000,3.2,5.076000213623047,20.83799934387207,17.14198367684346,18.390788629496697,-1,gal-ob-vd3_25-32_line_calib.txt
PoWR,25000,3.4,4.760000228881836,14.979000091552734,8.985362962671353,12.782045541682159,-1,gal-ob-vd3_25-34_line_calib.txt
PoWR,25000,3.4,4.760000228881836,14.979000091552734,8.985362962671353,12.782045541682159,-1,gal-ob-vd3_25-34_line_calib.txt
PoWR,25000,3.6,4.5269999504089355,13.786999702453613,5.048146597846829,9.774627622280994,-1,gal-ob-vd3_25-36_line_calib.txt
PoWR,25000,3.6,4.5269999504089355,13.786999702453613,5.048146597846829,9.774627622280994,-1,gal-ob-vd3_25-36_line_calib.txt
PoWR,25000,3.8,4.159999847412109,11.00100040435791,3.6101174362307398,6.406195231639212,-1,gal-ob-vd3_25-38_line_calib.txt
PoWR,25000,3.8,4.159999847412109,11.00100040435791,3.6101174362307398,6.406195231639212,-1,gal-ob-vd3_25-38_line_calib.txt
PoWR,25000,4.0,3.9790000915527344,10.392000198364258,2.9182254526282594,5.201160934250224,-1,gal-ob-vd3_25-40_line_calib.txt
PoWR,25000,4.0,3.9790000915527344,10.392000198364258,2.9182254526282594,5.201160934250224,-1,gal-ob-vd3_25-40_line_calib.txt
PoWR,25000,4.2,3.805000066757202,9.998000144958496,2.695526680837515,4.256966960582794,-1,gal-ob-vd3_25-42_line_calib.txt
PoWR,25000,4.2,3.805000066757202,9.998000144958496,2.695526680837515,4.256966960582794,-1,gal-ob-vd3_25-42_line_calib.txt
PoWR,26000,2.8,6.15500020980835,70.86799621582031,20.39452459979577,58.88893123376877,-1,gal-ob-vd3_26-28_line_calib.txt
PoWR,26000,2.8,6.15500020980835,70.86799621582031,20.39452459979577,58.88893123376877,-1,gal-ob-vd3_26-28_line_calib.txt
PoWR,26000,3.0,5.701000213623047,40.33700180053711,20.862877790884347,34.9167388193001,-1,gal-ob-vd3_26-30_line_calib.txt
PoWR,26000,3.0,5.701000213623047,40.33700180053711,20.862877790884347,34.9167388193001,-1,gal-ob-vd3_26-30_line_calib.txt
PoWR,26000,3.2,5.188000202178955,21.53700065612793,20.82547294843042,19.34343812599001,-1,gal-ob-vd3_26-32_line_calib.txt
PoWR,26000,3.2,5.188000202178955,21.53700065612793,20.82547294843042,19.34343812599001,-1,gal-ob-vd3_26-32_line_calib.txt
PoWR,26000,3.4,4.7789998054504395,14.97700023651123,12.15467526502471,12.079069226594884,-1,gal-ob-vd3_26-34_line_calib.txt
PoWR,26000,3.4,4.7789998054504395,14.97700023651123,12.15467526502471,12.079069226594884,-1,gal-ob-vd3_26-34_line_calib.txt
PoWR,26000,3.6,4.699999809265137,15.970000267028809,6.430491034155871,11.02893233347758,-1,gal-ob-vd3_26-36_line_calib.txt
PoWR,26000,3.6,4.699999809265137,15.970000267028809,6.430491034155871,11.02893233347758,-1,gal-ob-vd3_26-36_line_calib.txt
PoWR,26000,3.8,4.330999851226807,12.552000045776367,3.5978006601595247,7.211630937433376,-1,gal-ob-vd3_26-38_line_calib.txt
PoWR,26000,3.8,4.330999851226807,12.552000045776367,3.5978006601595247,7.211630937433376,-1,gal-ob-vd3_26-38_line_calib.txt
PoWR,26000,4.0,4.076000213623047,11.309000015258789,3.2764897302414777,5.376921231133142,-1,gal-ob-vd3_26-40_line_calib.txt
PoWR,26000,4.0,4.076000213623047,11.309000015258789,3.2764897302414777,5.376921231133142,-1,gal-ob-vd3_26-40_line_calib.txt
PoWR,26000,4.2,3.885999917984009,10.657999992370605,2.966888452166007,4.320495195595599,-1,gal-ob-vd3_26-42_line_calib.txt
PoWR,26000,4.2,3.885999917984009,10.657999992370605,2.966888452166007,4.320495195595599,-1,gal-ob-vd3_26-42_line_calib.txt
PoWR,27000,2.8,6.230000019073486,73.63700103759766,20.596626904514867,59.532311388699,-1,gal-ob-vd3_27-28_line_calib.txt
PoWR,27000,2.8,6.230000019073486,73.63700103759766,20.596626904514867,59.532311388699,-1,gal-ob-vd3_27-28_line_calib.txt
PoWR,27000,3.0,5.684999942779541,39.82500076293945,20.906384745926193,31.787231628103434,-1,gal-ob-vd3_27-30_line_calib.txt
PoWR,27000,3.0,5.684999942779541,39.82500076293945,20.906384745926193,31.787231628103434,-1,gal-ob-vd3_27-30_line_calib.txt
PoWR,27000,3.2,5.456999778747559,30.968000411987305,21.472194606128333,24.44852284054103,-1,gal-ob-vd3_27-32_line_calib.txt
PoWR,27000,3.2,5.456999778747559,30.968000411987305,21.472194606128333,24.44852284054103,-1,gal-ob-vd3_27-32_line_calib.txt
PoWR,27000,3.4,4.98799991607666,19.881000518798828,13.121608076629727,14.247960196664733,-1,gal-ob-vd3_27-34_line_calib.txt
PoWR,27000,3.4,4.98799991607666,19.881000518798828,13.121608076629727,14.247960196664733,-1,gal-ob-vd3_27-34_line_calib.txt
PoWR,27000,3.6,4.689000129699707,15.880000114440918,7.828991614825232,10.09840536688053,-1,gal-ob-vd3_27-36_line_calib.txt
PoWR,27000,3.6,4.689000129699707,15.880000114440918,7.828991614825232,10.09840536688053,-1,gal-ob-vd3_27-36_line_calib.txt
PoWR,27000,3.8,4.504000186920166,14.416999816894531,4.509003275142313,8.161177595112528,-1,gal-ob-vd3_27-38_line_calib.txt
PoWR,27000,3.8,4.504000186920166,14.416999816894531,4.509003275142313,8.161177595112528,-1,gal-ob-vd3_27-38_line_calib.txt
PoWR,27000,4.0,4.195000171661377,12.121000289916992,3.649955791003885,5.718114151605502,-1,gal-ob-vd3_27-40_line_calib.txt
PoWR,27000,4.0,4.195000171661377,12.121000289916992,3.649955791003885,5.718114151605502,-1,gal-ob-vd3_27-40_line_calib.txt
PoWR,27000,4.2,3.9210000038146973,11.00100040435791,3.3000964068032324,4.171120506351528,-1,gal-ob-vd3_27-42_line_calib.txt
PoWR,27000,4.2,3.9210000038146973,11.00100040435791,3.3000964068032324,4.171120506351528,-1,gal-ob-vd3_27-42_line_calib.txt
PoWR,28000,2.8,5.894999980926514,32.07099914550781,20.49526087891147,37.641263356983075,-1,gal-ob-vd3_28-28_line_calib.txt
PoWR,28000,2.8,5.894999980926514,32.07099914550781,20.49526087891147,37.641263356983075,-1,gal-ob-vd3_28-28_line_calib.txt
PoWR,28000,3.0,6.070000171661377,67.30500030517578,21.762281451318525,46.043071418966846,-1,gal-ob-vd3_28-30_line_calib.txt
PoWR,28000,3.0,6.070000171661377,67.30500030517578,21.762281451318525,46.043071418966846,-1,gal-ob-vd3_28-30_line_calib.txt
PoWR,28000,3.2,5.436999797821045,30.538999557495117,23.198996788381905,22.21590960903316,-1,gal-ob-vd3_28-32_line_calib.txt
PoWR,28000,3.2,5.436999797821045,30.538999557495117,23.198996788381905,22.21590960903316,-1,gal-ob-vd3_28-32_line_calib.txt
PoWR,28000,3.4,5.190000057220459,24.079999923706055,16.892237085409803,16.7172266038614,-1,gal-ob-vd3_28-34_line_calib.txt
PoWR,28000,3.4,5.190000057220459,24.079999923706055,16.892237085409803,16.7172266038614,-1,gal-ob-vd3_28-34_line_calib.txt
PoWR,28000,3.6,4.900000095367432,18.950000762939453,10.284657648183865,11.971932195178354,-1,gal-ob-vd3_28-36_line_calib.txt
PoWR,28000,3.6,4.900000095367432,18.950000762939453,10.284657648183865,11.971932195178354,-1,gal-ob-vd3_28-36_line_calib.txt
PoWR,28000,3.8,4.504000186920166,14.416999816894531,5.400971127608483,7.588646003618666,-1,gal-ob-vd3_28-38_line_calib.txt
PoWR,28000,3.8,4.504000186920166,14.416999816894531,5.400971127608483,7.588646003618666,-1,gal-ob-vd3_28-38_line_calib.txt
PoWR,28000,4.0,4.28000020980835,13.156999588012695,4.138601302286872,5.863599588671916,-1,gal-ob-vd3_28-40_line_calib.txt
PoWR,28000,4.0,4.28000020980835,13.156999588012695,4.138601302286872,5.863599588671916,-1,gal-ob-vd3_28-40_line_calib.txt
PoWR,28000,4.2,4.044000148773193,12.00100040435791,3.7191814280731132,4.4685258557202205,-1,gal-ob-vd3_28-42_line_calib.txt
PoWR,28000,4.2,4.044000148773193,12.00100040435791,3.7191814280731132,4.4685258557202205,-1,gal-ob-vd3_28-42_line_calib.txt
PoWR,29000,3.0,6.057000160217285,66.44499969482422,22.741485555000235,42.28480652369089,-1,gal-ob-vd3_29-30_line_calib.txt
PoWR,29000,3.0,6.057000160217285,66.44499969482422,22.741485555000235,42.28480652369089,-1,gal-ob-vd3_29-30_line_calib.txt
PoWR,29000,3.2,5.625999927520752,38.099998474121094,24.01773822645654,25.744486360271598,-1,gal-ob-vd3_29-32_line_calib.txt
PoWR,29000,3.2,5.625999927520752,38.099998474121094,24.01773822645654,25.744486360271598,-1,gal-ob-vd3_29-32_line_calib.txt
PoWR,29000,3.4,5.163000106811523,23.68000030517578,21.139981883014787,15.10721190854739,-1,gal-ob-vd3_29-34_line_calib.txt
PoWR,29000,3.4,5.163000106811523,23.68000030517578,21.139981883014787,15.10721190854739,-1,gal-ob-vd3_29-34_line_calib.txt
PoWR,29000,3.6,4.848999977111816,18.422000885009766,15.435525605858968,10.524082798303631,-1,gal-ob-vd3_29-36_line_calib.txt
PoWR,29000,3.6,4.848999977111816,18.422000885009766,15.435525605858968,10.524082798303631,-1,gal-ob-vd3_29-36_line_calib.txt
PoWR,29000,3.8,4.701000213623047,16.930999755859375,6.78631508397925,8.875327234093195,-1,gal-ob-vd3_29-38_line_calib.txt
PoWR,29000,3.8,4.701000213623047,16.930999755859375,6.78631508397925,8.875327234093195,-1,gal-ob-vd3_29-38_line_calib.txt
PoWR,29000,4.0,4.390999794006348,14.065999984741211,4.946259093460105,6.211323725980099,-1,gal-ob-vd3_29-40_line_calib.txt
PoWR,29000,4.0,4.390999794006348,14.065999984741211,4.946259093460105,6.211323725980099,-1,gal-ob-vd3_29-40_line_calib.txt
PoWR,29000,4.2,4.172999858856201,13.27400016784668,3.9630275937287127,4.832637249963517,-1,gal-ob-vd3_29-42_line_calib.txt
PoWR,29000,4.2,4.172999858856201,13.27400016784668,3.9630275937287127,4.832637249963517,-1,gal-ob-vd3_29-42_line_calib.txt
PoWR,30000,3.0,-9.99899959564209,0.8840000033378601,23.10037574045116,3.704571286181697e-07,-1,gal-ob-vd3_30-30_line_calib.txt
PoWR,30000,3.0,-9.99899959564209,0.8840000033378601,23.10037574045116,3.704571286181697e-07,-1,gal-ob-vd3_30-30_line_calib.txt
PoWR,30000,3.2,5.625999927520752,38.099998474121094,23.680031715993312,24.05679225443157,-1,gal-ob-vd3_30-32_line_calib.txt
PoWR,30000,3.2,5.625999927520752,38.099998474121094,23.680031715993312,24.05679225443157,-1,gal-ob-vd3_30-32_line_calib.txt
PoWR,30000,3.4,5.364999771118164,29.084999084472656,21.753340196041545,17.81302344884564,-1,gal-ob-vd3_30-34_line_calib.txt
PoWR,30000,3.4,5.364999771118164,29.084999084472656,21.753340196041545,17.81302344884564,-1,gal-ob-vd3_30-34_line_calib.txt
PoWR,30000,3.6,5.053999900817871,22.187999725341797,18.25453171398181,12.451959642900825,-1,gal-ob-vd3_30-36_line_calib.txt
PoWR,30000,3.6,5.053999900817871,22.187999725341797,18.25453171398181,12.451959642900825,-1,gal-ob-vd3_30-36_line_calib.txt
PoWR,30000,3.8,4.701000213623047,16.930999755859375,7.801550728319506,8.293500226524863,-1,gal-ob-vd3_30-38_line_calib.txt
PoWR,30000,3.8,4.701000213623047,16.930999755859375,7.801550728319506,8.293500226524863,-1,gal-ob-vd3_30-38_line_calib.txt
PoWR,30000,4.0,4.482999801635742,15.418000221252441,5.663966019627259,6.45264325168823,-1,gal-ob-vd3_30-40_line_calib.txt
PoWR,30000,4.0,4.482999801635742,15.418000221252441,5.663966019627259,6.45264325168823,-1,gal-ob-vd3_30-40_line_calib.txt
PoWR,30000,4.2,4.234000205993652,13.986000061035156,4.519411536213387,4.844376146790081,-1,gal-ob-vd3_30-42_line_calib.txt
PoWR,30000,4.2,4.234000205993652,13.986000061035156,4.519411536213387,4.844376146790081,-1,gal-ob-vd3_30-42_line_calib.txt
PoWR,31000,3.0,6.179999828338623,52.48899841308594,22.572659483453542,42.63406961347147,-1,gal-ob-vd3_31-30_line_calib.txt
PoWR,31000,3.0,6.179999828338623,52.48899841308594,22.572659483453542,42.63406961347147,-1,gal-ob-vd3_31-30_line_calib.txt
PoWR,31000,3.2,5.815999984741211,48.492000579833984,23.547537931436818,28.038635068436207,-1,gal-ob-vd3_31-32_line_calib.txt
PoWR,31000,3.2,5.815999984741211,48.492000579833984,23.547537931436818,28.038635068436207,-1,gal-ob-vd3_31-32_line_calib.txt
PoWR,31000,3.4,5.578000068664551,36.715999603271484,22.813698083812746,21.318513071869887,-1,gal-ob-vd3_31-34_line_calib.txt
PoWR,31000,3.4,5.578000068664551,36.715999603271484,22.813698083812746,21.318513071869887,-1,gal-ob-vd3_31-34_line_calib.txt
PoWR,31000,3.6,5.053999900817871,22.187999725341797,19.981398327608826,11.661564701988285,-1,gal-ob-vd3_31-36_line_calib.txt
PoWR,31000,3.6,5.053999900817871,22.187999725341797,19.981398327608826,11.661564701988285,-1,gal-ob-vd3_31-36_line_calib.txt
PoWR,31000,3.8,4.879000186920166,19.8700008392334,9.888895102082927,9.533600942593786,-1,gal-ob-vd3_31-38_line_calib.txt
PoWR,31000,3.8,4.879000186920166,19.8700008392334,9.888895102082927,9.533600942593786,-1,gal-ob-vd3_31-38_line_calib.txt
PoWR,31000,4.0,4.590000152587891,16.511999130249023,6.64503255745034,6.8352901110683755,-1,gal-ob-vd3_31-40_line_calib.txt
PoWR,31000,4.0,4.590000152587891,16.511999130249023,6.64503255745034,6.8352901110683755,-1,gal-ob-vd3_31-40_line_calib.txt
PoWR,31000,4.2,4.389999866485596,15.402999877929688,5.260889045959891,5.429462139356354,-1,gal-ob-vd3_31-42_line_calib.txt
PoWR,31000,4.2,4.389999866485596,15.402999877929688,5.260889045959891,5.429462139356354,-1,gal-ob-vd3_31-42_line_calib.txt
PoWR,32000,3.2,5.998000144958496,62.63999938964844,23.05349637532979,32.44743561371855,-1,gal-ob-vd3_32-32_line_calib.txt
PoWR,32000,3.2,5.998000144958496,62.63999938964844,23.05349637532979,32.44743561371855,-1,gal-ob-vd3_32-32_line_calib.txt
PoWR,32000,3.4,5.550000190734863,35.95600128173828,23.345823488043923,19.372265041503947,-1,gal-ob-vd3_32-34_line_calib.txt
PoWR,32000,3.4,5.550000190734863,35.95600128173828,23.345823488043923,19.372265041503947,-1,gal-ob-vd3_32-34_line_calib.txt
PoWR,32000,3.6,5.255000114440918,27.0,22.009486196629112,13.793686908237413,-1,gal-ob-vd3_32-36_line_calib.txt
PoWR,32000,3.6,5.255000114440918,27.0,22.009486196629112,13.793686908237413,-1,gal-ob-vd3_32-36_line_calib.txt
PoWR,32000,3.8,4.86899995803833,19.743999481201172,13.178376220629069,8.844642549367311,-1,gal-ob-vd3_32-38_line_calib.txt
PoWR,32000,3.8,4.86899995803833,19.743999481201172,13.178376220629069,8.844642549367311,-1,gal-ob-vd3_32-38_line_calib.txt
PoWR,32000,4.0,4.659999847412109,17.895000457763672,7.431048446469782,6.95312809882418,-1,gal-ob-vd3_32-40_line_calib.txt
PoWR,32000,4.0,4.659999847412109,17.895000457763672,7.431048446469782,6.95312809882418,-1,gal-ob-vd3_32-40_line_calib.txt
PoWR,32000,4.2,4.400000095367432,15.989999771118164,5.901799792424765,5.154426540164914,-1,gal-ob-vd3_32-42_line_calib.txt
PoWR,32000,4.2,4.400000095367432,15.989999771118164,5.901799792424765,5.154426540164914,-1,gal-ob-vd3_32-42_line_calib.txt
PoWR,33000,3.2,6.191999912261963,83.51899719238281,22.137017545792983,38.14629296572023,-1,gal-ob-vd3_33-32_line_calib.txt
PoWR,33000,3.2,6.191999912261963,83.51899719238281,22.137017545792983,38.14629296572023,-1,gal-ob-vd3_33-32_line_calib.txt
PoWR,33000,3.4,5.755000114440918,46.03499984741211,23.337311836784835,23.064945935225573,-1,gal-ob-vd3_33-34_line_calib.txt
PoWR,33000,3.4,5.755000114440918,46.03499984741211,23.337311836784835,23.064945935225573,-1,gal-ob-vd3_33-34_line_calib.txt
PoWR,33000,3.6,5.251999855041504,26.941999435424805,24.163354714981413,12.925647598299046,-1,gal-ob-vd3_33-36_line_calib.txt
PoWR,33000,3.6,5.251999855041504,26.941999435424805,24.163354714981413,12.925647598299046,-1,gal-ob-vd3_33-36_line_calib.txt
PoWR,33000,3.8,5.080999851226807,23.985000610351562,16.407314566260855,10.615789769014471,-1,gal-ob-vd3_33-38_line_calib.txt
PoWR,33000,3.8,5.080999851226807,23.985000610351562,16.407314566260855,10.615789769014471,-1,gal-ob-vd3_33-38_line_calib.txt
PoWR,33000,4.0,4.71999979019165,18.652000427246094,9.039582483591225,7.00571198424114,-1,gal-ob-vd3_33-40_line_calib.txt
PoWR,33000,4.0,4.71999979019165,18.652000427246094,9.039582483591225,7.00571198424114,-1,gal-ob-vd3_33-40_line_calib.txt
PoWR,33000,4.2,4.548999786376953,17.96500015258789,6.655565819044129,5.753767077539393,-1,gal-ob-vd3_33-42_line_calib.txt
PoWR,33000,4.2,4.548999786376953,17.96500015258789,6.655565819044129,5.753767077539393,-1,gal-ob-vd3_33-42_line_calib.txt
PoWR,34000,3.2,6.257999897003174,89.6050033569336,22.649375871237158,38.772372624473675,-1,gal-ob-vd3_34-32_line_calib.txt
PoWR,34000,3.2,6.257999897003174,89.6050033569336,22.649375871237158,38.772372624473675,-1,gal-ob-vd3_34-32_line_calib.txt
PoWR,34000,3.4,5.730999946594238,45.097999572753906,24.374067389517002,21.135980651124807,-1,gal-ob-vd3_34-34_line_calib.txt
PoWR,34000,3.4,5.730999946594238,45.097999572753906,24.374067389517002,21.135980651124807,-1,gal-ob-vd3_34-34_line_calib.txt
PoWR,34000,3.6,5.439000129699707,33.04499816894531,24.184539754393917,15.10158370676555,-1,gal-ob-vd3_34-36_line_calib.txt
PoWR,34000,3.6,5.439000129699707,33.04499816894531,24.184539754393917,15.10158370676555,-1,gal-ob-vd3_34-36_line_calib.txt
PoWR,34000,3.8,5.051000118255615,23.48200035095215,17.894825016845026,9.661009040886498,-1,gal-ob-vd3_34-38_line_calib.txt
PoWR,34000,3.8,5.051000118255615,23.48200035095215,17.894825016845026,9.661009040886498,-1,gal-ob-vd3_34-38_line_calib.txt
PoWR,34000,4.0,4.809000015258789,20.570999145507812,11.748285051016145,7.311768574212181,-1,gal-ob-vd3_34-40_line_calib.txt
PoWR,34000,4.0,4.809000015258789,20.570999145507812,11.748285051016145,7.311768574212181,-1,gal-ob-vd3_34-40_line_calib.txt
PoWR,34000,4.2,4.576000213623047,18.361000061035156,7.366255472277381,5.591425415877367,-1,gal-ob-vd3_34-42_line_calib.txt
PoWR,34000,4.2,4.576000213623047,18.361000061035156,7.366255472277381,5.591425415877367,-1,gal-ob-vd3_34-42_line_calib.txt
PoWR,35000,3.2,6.314000129699707,94.81900024414062,23.190495370133267,39.02511932305645,-1,gal-ob-vd3_35-32_line_calib.txt
PoWR,35000,3.2,6.314000129699707,94.81900024414062,23.190495370133267,39.02511932305645,-1,gal-ob-vd3_35-32_line_calib.txt
PoWR,35000,3.4,5.9070000648498535,57.38399887084961,23.30158248073178,24.425541874344574,-1,gal-ob-vd3_35-34_line_calib.txt
PoWR,35000,3.4,5.9070000648498535,57.38399887084961,23.30158248073178,24.425541874344574,-1,gal-ob-vd3_35-34_line_calib.txt
PoWR,35000,3.6,5.425000190734863,32.70800018310547,23.864000221314598,14.023107720771137,-1,gal-ob-vd3_35-36_line_calib.txt
PoWR,35000,3.6,5.425000190734863,32.70800018310547,23.864000221314598,14.023107720771137,-1,gal-ob-vd3_35-36_line_calib.txt
PoWR,35000,3.8,5.26200008392334,28.881999969482422,20.080019739436533,11.623695293823927,-1,gal-ob-vd3_35-38_line_calib.txt
PoWR,35000,3.8,5.26200008392334,28.881999969482422,20.080019739436533,11.623695293823927,-1,gal-ob-vd3_35-38_line_calib.txt
PoWR,35000,4.0,4.947000026702881,22.784000396728516,15.096029853607908,8.088056718457795,-1,gal-ob-vd3_35-40_line_calib.txt
PoWR,35000,4.0,4.947000026702881,22.784000396728516,15.096029853607908,8.088056718457795,-1,gal-ob-vd3_35-40_line_calib.txt
PoWR,35000,4.2,4.677999973297119,19.95199966430664,8.771810475301207,5.933953809920655,-1,gal-ob-vd3_35-42_line_calib.txt
PoWR,35000,4.2,4.677999973297119,19.95199966430664,8.771810475301207,5.933953809920655,-1,gal-ob-vd3_35-42_line_calib.txt
PoWR,36000,3.4,6.099999904632568,75.6050033569336,22.358191491699102,28.832029540549012,-1,gal-ob-vd3_36-34_line_calib.txt
PoWR,36000,3.4,6.099999904632568,75.6050033569336,22.358191491699102,28.832029540549012,-1,gal-ob-vd3_36-34_line_calib.txt
PoWR,36000,3.6,5.632999897003174,41.49599838256836,23.275365197847044,16.84128442211527,-1,gal-ob-vd3_36-36_line_calib.txt
PoWR,36000,3.6,5.632999897003174,41.49599838256836,23.275365197847044,16.84128442211527,-1,gal-ob-vd3_36-36_line_calib.txt
PoWR,36000,3.8,5.26200008392334,28.881999969482422,21.336363125975033,10.98690334485672,-1,gal-ob-vd3_36-38_line_calib.txt
PoWR,36000,3.8,5.26200008392334,28.881999969482422,21.336363125975033,10.98690334485672,-1,gal-ob-vd3_36-38_line_calib.txt
PoWR,36000,4.0,5.007999897003174,24.711999893188477,16.613548794309786,8.201158595651876,-1,gal-ob-vd3_36-40_line_calib.txt
PoWR,36000,4.0,5.007999897003174,24.711999893188477,16.613548794309786,8.201158595651876,-1,gal-ob-vd3_36-40_line_calib.txt
PoWR,36000,4.2,4.7729997634887695,21.60700035095215,9.733077392351145,6.257129504251894,-1,gal-ob-vd3_36-42_line_calib.txt
PoWR,36000,4.2,4.7729997634887695,21.60700035095215,9.733077392351145,6.257129504251894,-1,gal-ob-vd3_36-42_line_calib.txt
PoWR,37000,3.4,6.099999904632568,75.6050033569336,21.850997358070938,27.294602107050046,-1,gal-ob-vd3_37-34_line_calib.txt
PoWR,37000,3.4,6.099999904632568,75.6050033569336,21.850997358070938,27.294602107050046,-1,gal-ob-vd3_37-34_line_calib.txt
PoWR,37000,3.6,5.840000152587891,53.77399826049805,22.60062179346762,20.23377385030648,-1,gal-ob-vd3_37-36_line_calib.txt
PoWR,37000,3.6,5.840000152587891,53.77399826049805,22.60062179346762,20.23377385030648,-1,gal-ob-vd3_37-36_line_calib.txt
PoWR,37000,3.8,5.433000087738037,35.0359992980957,21.391911879018046,12.664173717585234,-1,gal-ob-vd3_37-38_line_calib.txt
PoWR,37000,3.8,5.433000087738037,35.0359992980957,21.391911879018046,12.664173717585234,-1,gal-ob-vd3_37-38_line_calib.txt
PoWR,37000,4.0,5.090000152587891,26.382999420166016,16.65036486959513,8.532511683838923,-1,gal-ob-vd3_37-40_line_calib.txt
PoWR,37000,4.0,5.090000152587891,26.382999420166016,16.65036486959513,8.532511683838923,-1,gal-ob-vd3_37-40_line_calib.txt
PoWR,37000,4.2,4.89300012588501,23.889999389648438,11.639278771263982,6.801064259791085,-1,gal-ob-vd3_37-42_line_calib.txt
PoWR,37000,4.2,4.89300012588501,23.889999389648438,11.639278771263982,6.801064259791085,-1,gal-ob-vd3_37-42_line_calib.txt
PoWR,38000,3.4,6.409999847412109,104.06800079345703,21.143702755279215,36.97540962609669,-1,gal-ob-vd3_38-34_line_calib.txt
PoWR,38000,3.4,6.409999847412109,104.06800079345703,21.143702755279215,36.97540962609669,-1,gal-ob-vd3_38-34_line_calib.txt
PoWR,38000,3.6,5.7769999504089355,50.702999114990234,22.87048017081811,17.840747449066534,-1,gal-ob-vd3_38-36_line_calib.txt
PoWR,38000,3.6,5.7769999504089355,50.702999114990234,22.87048017081811,17.840747449066534,-1,gal-ob-vd3_38-36_line_calib.txt
PoWR,38000,3.8,5.433000087738037,35.0359992980957,21.436717055117384,12.006408462170487,-1,gal-ob-vd3_38-38_line_calib.txt
PoWR,38000,3.8,5.433000087738037,35.0359992980957,21.436717055117384,12.006408462170487,-1,gal-ob-vd3_38-38_line_calib.txt
PoWR,38000,4.0,5.144000053405762,28.47800064086914,17.508184815803432,8.608214831424835,-1,gal-ob-vd3_38-40_line_calib.txt
PoWR,38000,4.0,5.144000053405762,28.47800064086914,17.508184815803432,8.608214831424835,-1,gal-ob-vd3_38-40_line_calib.txt
PoWR,38000,4.2,5.010000228881836,26.45599937438965,12.302984391045609,7.377567380852157,-1,gal-ob-vd3_38-42_line_calib.txt
PoWR,38000,4.2,5.010000228881836,26.45599937438965,12.302984391045609,7.377567380852157,-1,gal-ob-vd3_38-42_line_calib.txt
PoWR,39000,3.4,6.409999847412109,104.06800079345703,20.492760818769284,35.103544707484296,-1,gal-ob-vd3_39-34_line_calib.txt
PoWR,39000,3.4,6.409999847412109,104.06800079345703,20.492760818769284,35.103544707484296,-1,gal-ob-vd3_39-34_line_calib.txt
PoWR,39000,3.6,6.015999794006348,69.09100341796875,22.471835023338013,22.302366399029687,-1,gal-ob-vd3_39-36_line_calib.txt
PoWR,39000,3.6,6.015999794006348,69.09100341796875,22.471835023338013,22.302366399029687,-1,gal-ob-vd3_39-36_line_calib.txt
PoWR,39000,3.8,5.670000076293945,45.79800033569336,22.500497677292973,14.97445715546681,-1,gal-ob-vd3_39-38_line_calib.txt
PoWR,39000,3.8,5.670000076293945,45.79800033569336,22.500497677292973,14.97445715546681,-1,gal-ob-vd3_39-38_line_calib.txt
PoWR,39000,4.0,5.216000080108643,30.33099937438965,20.545337738980276,8.878734908308376,-1,gal-ob-vd3_39-40_line_calib.txt
PoWR,39000,4.0,5.216000080108643,30.33099937438965,20.545337738980276,8.878734908308376,-1,gal-ob-vd3_39-40_line_calib.txt
PoWR,39000,4.2,5.065000057220459,27.757999420166016,13.475211480190326,7.461928409194123,-1,gal-ob-vd3_39-42_line_calib.txt
PoWR,39000,4.2,5.065000057220459,27.757999420166016,13.475211480190326,7.461928409194123,-1,gal-ob-vd3_39-42_line_calib.txt
PoWR,40000,3.6,6.165999889373779,87.53900146484375,22.041032011650405,25.19766080943162,-1,gal-ob-vd3_40-36_line_calib.txt
PoWR,40000,3.6,6.165999889373779,87.53900146484375,22.041032011650405,25.19766080943162,-1,gal-ob-vd3_40-36_line_calib.txt
PoWR,40000,3.8,5.59499979019165,42.715999603271484,22.207619839107256,13.057504251791041,-1,gal-ob-vd3_40-38_line_calib.txt
PoWR,40000,3.8,5.59499979019165,42.715999603271484,22.207619839107256,13.057504251791041,-1,gal-ob-vd3_40-38_line_calib.txt
PoWR,40000,4.0,5.317999839782715,34.2239990234375,20.76372217326768,9.49205401048318,-1,gal-ob-vd3_40-40_line_calib.txt
PoWR,40000,4.0,5.317999839782715,34.2239990234375,20.76372217326768,9.49205401048318,-1,gal-ob-vd3_40-40_line_calib.txt
PoWR,40000,4.2,5.138999938964844,29.676000595092773,13.70181159270135,7.724319876475447,-1,gal-ob-vd3_40-42_line_calib.txt
PoWR,40000,4.2,5.138999938964844,29.676000595092773,13.70181159270135,7.724319876475447,-1,gal-ob-vd3_40-42_line_calib.txt
PoWR,41000,3.6,6.130000114440918,83.93199920654297,21.8615689198144,23.00978746687359,-1,gal-ob-vd3_41-36_line_calib.txt
PoWR,41000,3.6,6.130000114440918,83.93199920654297,21.8615689198144,23.00978746687359,-1,gal-ob-vd3_41-36_line_calib.txt
PoWR,41000,3.8,5.807000160217285,55.41699981689453,22.707156229787657,15.863997404899742,-1,gal-ob-vd3_41-38_line_calib.txt
PoWR,41000,3.8,5.807000160217285,55.41699981689453,22.707156229787657,15.863997404899742,-1,gal-ob-vd3_41-38_line_calib.txt
PoWR,41000,4.0,5.448999881744385,38.74100112915039,22.728739013566592,10.50539752813589,-1,gal-ob-vd3_41-40_line_calib.txt
PoWR,41000,4.0,5.448999881744385,38.74100112915039,22.728739013566592,10.50539752813589,-1,gal-ob-vd3_41-40_line_calib.txt
PoWR,41000,4.2,5.264999866485596,33.37200164794922,13.879368364322467,8.49987390993337,-1,gal-ob-vd3_41-42_line_calib.txt
PoWR,41000,4.2,5.264999866485596,33.37200164794922,13.879368364322467,8.49987390993337,-1,gal-ob-vd3_41-42_line_calib.txt
PoWR,42000,3.6,6.428999900817871,119.55899810791016,21.587871514645666,30.93724474881948,-1,gal-ob-vd3_42-36_line_calib.txt
PoWR,42000,3.6,6.428999900817871,119.55899810791016,21.587871514645666,30.93724474881948,-1,gal-ob-vd3_42-36_line_calib.txt
PoWR,42000,3.8,5.807000160217285,55.41699981689453,24.560435401942428,15.117562152855136,-1,gal-ob-vd3_42-38_line_calib.txt
PoWR,42000,3.8,5.807000160217285,55.41699981689453,24.560435401942428,15.117562152855136,-1,gal-ob-vd3_42-38_line_calib.txt
PoWR,42000,4.0,5.492000102996826,41.62799835205078,22.973733227569735,10.519176307217078,-1,gal-ob-vd3_42-40_line_calib.txt
PoWR,42000,4.0,5.492000102996826,41.62799835205078,22.973733227569735,10.519176307217078,-1,gal-ob-vd3_42-40_line_calib.txt
PoWR,42000,4.2,5.297999858856201,34.40800094604492,13.833536766170736,8.41359518009976,-1,gal-ob-vd3_42-42_line_calib.txt
PoWR,42000,4.2,5.297999858856201,34.40800094604492,13.833536766170736,8.41359518009976,-1,gal-ob-vd3_42-42_line_calib.txt
PoWR,43000,3.6,6.428999900817871,119.55899810791016,26.151782451413656,29.51503501185374,-1,gal-ob-vd3_43-36_line_calib.txt
PoWR,43000,3.6,6.428999900817871,119.55899810791016,26.151782451413656,29.51503501185374,-1,gal-ob-vd3_43-36_line_calib.txt
PoWR,43000,3.8,5.986999988555908,71.05400085449219,26.884694791239966,17.743665702351617,-1,gal-ob-vd3_43-38_line_calib.txt
PoWR,43000,3.8,5.986999988555908,71.05400085449219,26.884694791239966,17.743665702351617,-1,gal-ob-vd3_43-38_line_calib.txt
PoWR,43000,4.0,5.63100004196167,48.0359992980957,26.02416841745465,11.77723587759495,-1,gal-ob-vd3_43-40_line_calib.txt
PoWR,43000,4.0,5.63100004196167,48.0359992980957,26.02416841745465,11.77723587759495,-1,gal-ob-vd3_43-40_line_calib.txt
PoWR,43000,4.2,5.35099983215332,36.2400016784668,13.563109970731409,8.531851119139498,-1,gal-ob-vd3_43-42_line_calib.txt
PoWR,43000,4.2,5.35099983215332,36.2400016784668,13.563109970731409,8.531851119139498,-1,gal-ob-vd3_43-42_line_calib.txt
PoWR,44000,3.6,6.209000110626221,52.5629997253418,26.14853708147923,21.881392974359457,-1,gal-ob-vd3_44-36_line_calib.txt
PoWR,44000,3.6,6.209000110626221,52.5629997253418,26.14853708147923,21.881392974359457,-1,gal-ob-vd3_44-36_line_calib.txt
PoWR,44000,3.8,5.906000137329102,64.83100128173828,29.764851823152306,15.43742921257674,-1,gal-ob-vd3_44-38_line_calib.txt
PoWR,44000,3.8,5.906000137329102,64.83100128173828,29.764851823152306,15.43742921257674,-1,gal-ob-vd3_44-38_line_calib.txt
PoWR,44000,4.0,5.63100004196167,48.0359992980957,29.191844557749413,11.247990257062535,-1,gal-ob-vd3_44-40_line_calib.txt
PoWR,44000,4.0,5.63100004196167,48.0359992980957,29.191844557749413,11.247990257062535,-1,gal-ob-vd3_44-40_line_calib.txt
PoWR,44000,4.2,5.427999973297119,39.05099868774414,13.479835339149558,8.903789769335942,-1,gal-ob-vd3_44-42_line_calib.txt
PoWR,44000,4.2,5.427999973297119,39.05099868774414,13.479835339149558,8.903789769335942,-1,gal-ob-vd3_44-42_line_calib.txt
PoWR,45000,3.8,5.906000137329102,64.83100128173828,29.94694749363407,14.7589446694067,-1,gal-ob-vd3_45-38_line_calib.txt
PoWR,45000,3.8,5.906000137329102,64.83100128173828,29.94694749363407,14.7589446694067,-1,gal-ob-vd3_45-38_line_calib.txt
PoWR,45000,4.0,5.711999893188477,52.358001708984375,31.69486589747723,11.804706196309663,-1,gal-ob-vd3_45-40_line_calib.txt
PoWR,45000,4.0,5.711999893188477,52.358001708984375,31.69486589747723,11.804706196309663,-1,gal-ob-vd3_45-40_line_calib.txt
PoWR,45000,4.2,5.492000102996826,41.62799835205078,13.374794196294928,9.163371360953542,-1,gal-ob-vd3_45-42_line_calib.txt
PoWR,45000,4.2,5.492000102996826,41.62799835205078,13.374794196294928,9.163371360953542,-1,gal-ob-vd3_45-42_line_calib.txt
PoWR,46000,3.8,5.906000137329102,64.83100128173828,30.028652526408855,14.124226349503104,-1,gal-ob-vd3_46-38_line_calib.txt
PoWR,46000,3.8,5.906000137329102,64.83100128173828,30.028652526408855,14.124226349503104,-1,gal-ob-vd3_46-38_line_calib.txt
PoWR,46000,4.0,5.711999893188477,52.358001708984375,31.97541961562285,11.297036884464589,-1,gal-ob-vd3_46-40_line_calib.txt
PoWR,46000,4.0,5.711999893188477,52.358001708984375,31.97541961562285,11.297036884464589,-1,gal-ob-vd3_46-40_line_calib.txt
PoWR,47000,3.8,6.59499979019165,146.46099853515625,37.3669652051803,29.907798274688957,-1,gal-ob-vd3_47-38_line_calib.txt
PoWR,47000,3.8,6.59499979019165,146.46099853515625,37.3669652051803,29.907798274688957,-1,gal-ob-vd3_47-38_line_calib.txt
PoWR,47000,4.0,5.711999893188477,52.358001708984375,38.04428630593662,10.821426006123616,-1,gal-ob-vd3_47-40_line_calib.txt
PoWR,47000,4.0,5.711999893188477,52.358001708984375,38.04428630593662,10.821426006123616,-1,gal-ob-vd3_47-40_line_calib.txt
PoWR,48000,3.8,6.59499979019165,146.46099853515625,36.663718537244485,28.674620828466967,-1,gal-ob-vd3_48-38_line_calib.txt
PoWR,48000,3.8,6.59499979019165,146.46099853515625,36.663718537244485,28.674620828466967,-1,gal-ob-vd3_48-38_line_calib.txt
PoWR,48000,4.0,5.711999893188477,52.358001708984375,38.237723267671136,10.37523005535029,-1,gal-ob-vd3_48-40_line_calib.txt
PoWR,48000,4.0,5.711999893188477,52.358001708984375,38.237723267671136,10.37523005535029,-1,gal-ob-vd3_48-40_line_calib.txt
PoWR,49000,3.8,6.5370001792907715,111.93199920654297,36.194073867627374,25.73879394335191,-1,gal-ob-vd3_49-38_line_calib.txt
PoWR,49000,3.8,6.5370001792907715,111.93199920654297,36.194073867627374,25.73879394335191,-1,gal-ob-vd3_49-38_line_calib.txt
PoWR,49000,4.0,6.709000110626221,169.781005859375,37.44248801970984,31.375319625503543,-1,gal-ob-vd3_49-40_line_calib.txt
PoWR,49000,4.0,6.709000110626221,169.781005859375,37.44248801970984,31.375319625503543,-1,gal-ob-vd3_49-40_line_calib.txt
PoWR,49000,4.2,5.63100004196167,48.0359992980957,34.7982507325935,9.069599807444007,-1,gal-ob-vd3_49-42_line_calib.txt
PoWR,49000,4.2,5.63100004196167,48.0359992980957,34.7982507325935,9.069599807444007,-1,gal-ob-vd3_49-42_line_calib.txt
PoWR,50000,4.0,6.709000110626221,169.781005859375,38.69520101243368,30.132856968333602,-1,gal-ob-vd3_50-40_line_calib.txt
PoWR,50000,4.0,6.709000110626221,169.781005859375,38.69520101243368,30.132856968333602,-1,gal-ob-vd3_50-40_line_calib.txt
PoWR,50000,4.2,5.63100004196167,48.0359992980957,34.08682197870314,8.710443655069225,-1,gal-ob-vd3_50-42_line_calib.txt
PoWR,50000,4.2,5.63100004196167,48.0359992980957,34.08682197870314,8.710443655069225,-1,gal-ob-vd3_50-42_line_calib.txt
PoWR,51000,4.0,6.752999782562256,181.08200073242188,38.81451208874636,30.46770925371614,-1,gal-ob-vd3_51-40_line_calib.txt
PoWR,51000,4.0,6.752999782562256,181.08200073242188,38.81451208874636,30.46770925371614,-1,gal-ob-vd3_51-40_line_calib.txt
PoWR,51000,4.2,6.211999893188477,54.08000183105469,35.37980229328999,16.34330395623765,-1,gal-ob-vd3_51-42_line_calib.txt
PoWR,51000,4.2,6.211999893188477,54.08000183105469,35.37980229328999,16.34330395623765,-1,gal-ob-vd3_51-42_line_calib.txt
PoWR,52000,4.0,6.811999797821045,197.51800537109375,39.617106669208674,31.36703547688464,-1,gal-ob-vd3_52-40_line_calib.txt
PoWR,52000,4.0,6.811999797821045,197.51800537109375,39.617106669208674,31.36703547688464,-1,gal-ob-vd3_52-40_line_calib.txt
PoWR,52000,4.2,6.171000003814697,49.680999755859375,37.29887236985931,14.995935995186038,-1,gal-ob-vd3_52-42_line_calib.txt
PoWR,52000,4.2,6.171000003814697,49.680999755859375,37.29887236985931,14.995935995186038,-1,gal-ob-vd3_52-42_line_calib.txt
PoWR,53000,4.2,6.171000003814697,49.680999755859375,40.32622785002203,14.435390149869365,-1,gal-ob-vd3_53-42_line_calib.txt
PoWR,53000,4.2,6.171000003814697,49.680999755859375,40.32622785002203,14.435390149869365,-1,gal-ob-vd3_53-42_line_calib.txt
PoWR,54000,4.2,6.136000156402588,46.130001068115234,42.5922732751158,13.356504722593812,-1,gal-ob-vd3_54-42_line_calib.txt
PoWR,54000,4.2,6.136000156402588,46.130001068115234,42.5922732751158,13.356504722593812,-1,gal-ob-vd3_54-42_line_calib.txt
PoWR,55000,4.2,6.105999946594238,43.297000885009766,43.7563870184437,12.43812330292332,-1,gal-ob-vd3_55-42_line_calib.txt
PoWR,55000,4.2,6.105999946594238,43.297000885009766,43.7563870184437,12.43812330292332,-1,gal-ob-vd3_55-42_line_calib.txt
PoWR,56000,4.2,6.105999946594238,43.297000885009766,43.57939879065904,11.997870851831326,-1,gal-ob-vd3_56-42_line_calib.txt
PoWR,56000,4.2,6.105999946594238,43.297000885009766,43.57939879065904,11.997870851831326,-1,gal-ob-vd3_56-42_line_calib.txt
